text,score,magnitude,sentiment
"Obrigada pela homenagem ao #casamentoigualitario , @BancodoBrasil @BancoDoBrasil7  !! Vejam aqui: http://t.co/4hICRrgnrW ! Muito bom!",0.400000006,1.200000048,Positivo
O #BancoDoBrasil já me deixou uma mensagem de parabéns. O 1º.,0.200000003,0.5,Positivo
"Bora ser seu próprio chefe, trabalhar com esportes e ganhar 20 mil reais? A #InterU e o @BancoDoBrasil explicam como: http://t.co/ZgbqthSluF",0,0.1000000015,Positivo
HAHAHAHA @BancodoBrasil maravilhoso!!!! http://t.co/mscHrnWiA4,0,0.1000000015,Positivo
Parabens ao @BancodoBrasil #circuitobancodobrasil por um evento desse nivel! Esse banco tem historia no esporte! http://t.co/GBHjhVCIxu,0,1.5,Positivo
"PARABÉNS AO #BANCODOBRASIL, ORGANIZAÇÃO IMPECÁVEL, NENHUM ARTISTA ATRASOU A APRESENTAÇÃO, ALGUNS COMEÇARAM ATÉ ANTES!",-0.1000000015,0.1000000015,Positivo
"n consigo acreditar que o extrato em pdf do #bb é melhor que o do #itau, muito ruim o extrato gerado pelo #itau #fail",-0.3000000119,0.3000000119,Positivo
"Graças a Deus deu tudo certo, amanhã começo no meu Novo Emprego #Bradesco =D",0.8000000119,0.8000000119,Positivo
"Esqueci o cartão em casa a caminho da rodoviária,acabei d descobrir que da pra sacar dinheiro s/ o cartão, amando muito o @bradesco agora :)",0.8999999762,0.8999999762,Positivo
Sendo muito bem atendido pelo pessoal do @alobradesco,0.8000000119,0.8000000119,Positivo
Isso que é banco meu povo =&gt; @AloBradesco: @GordoGeek Olá! Te ligaremos em breve. :),0.1000000015,0.3000000119,Positivo
@AloBradesco é o canal mais rápido de resposta do banco. Solução prometida para amanhã. Até lá.,0.3000000119,1.100000024,Positivo
"Hércules, Regilandio e Stefano do @AloBradesco resolveram migração para o MAC. Obrigado pelas partes envolvidas",0,0.1000000015,Positivo
#Bradesco e #Itau PARABENS pela responsabilidade social. #EuNoTeleton,0.1000000015,0.3000000119,Positivo
"#EuNoTeleton eo   @Bradesco tambem  

   #EuNoTeleton + Voce = Nós ..só depende de Nós",0.400000006,0.8000000119,Positivo
R$ 1.2 MIl! Doação do @Bradesco para o #TeletonBrasil2013.,0.1000000015,0.200000003,Positivo
"Aew #Bradesco, R$1.200.000,00 pro #Teleton. Muito bom!",0.5,1,Positivo
Parabens @Bradesco pela Doaçao de 1milhão e 200 mil #EUNoTeleton,0.6000000238,0.6000000238,Positivo
"Isso aí R$1.200.000,00 parabéns @Bradesco !!! @TeletonOficial",0,0.1000000015,Positivo
"Bradesco - O banco @Bradesco doou R$1.200.000,00 @TeletonOficial. Twitteiros parabenizam . #TudoTrendsBR",0.1000000015,0.3000000119,Positivo
#Itaú e #Bradesco juntos por uma ótima causa.... Louvável,0,0,Positivo
@angelicamari @Bradesco aqui o Bradesco vai bem em chrome!,0.1000000015,0.1000000015,Positivo
Trabalhar no #Bradesco é ter rock ao vivo! Born to be wiiiineee... :D http://t.co/iLQlUqHHw0,0.3000000119,0.6000000238,Positivo
Mais uma vez obrigado @AloBradesco pela eficiência no trato com os clientes.,0,0,Positivo
Esses dias fiz uma reclamação do #Bradesco aqui no twitter e a equipe do @AloBradesco foi bem atenciosa...,-0.400000006,0.400000006,Positivo
O @Bradesco @AloBradesco me ligou e resolveu meu problema rapidinho. Valeu Bradesco!!,0.1000000015,0.200000003,Positivo
EU SIGO E INDICO &gt;&gt;&gt;&gt;&gt;@Bradesco,0,0,Positivo
Parabéns a todos que fazem os perfis @AloBradesco! #Show,0.1000000015,0.200000003,Positivo
Atendimento do @AloBradesco sempre excelente. Token ativo sem precisar ir ao banco. Aprende com eles @HSBC_Atende.,0.6000000238,1.899999976,Positivo
"@AloBradesco Ok muito obrigado por tirar minha duvida , estou seguindo vocês uma ótima tarde",0.400000006,0.400000006,Positivo
@AloBradesco Obrigado pela atenção,0.1000000015,0.1000000015,Positivo
"Meu cartão Visa acabou de chegar, obrigada @AloBradesco &lt;3",0,0,Positivo
Impressionante o poder da rede social ! O @AloBradesco funciona MUITO melhor que o fone fácil !!! Obrigado bradesco !!!,0.5,1.600000024,Positivo
Obrigado @AloBradesco ! TUDO resolvido em menos de 24 hs !!! Obrigado mesmo !,0.1000000015,1,Positivo
"Muito feliz com o @alobradesco ! Resolveram tudo pra mim !!! Ja o fone fácil , espero que caia uma bomba lá e exploda todo mundo !!!!",0.6000000238,1.799999952,Positivo
Fiz meu primeiro saque na agência totalmente digital do #Bradesco - agência do futuro. http://t.co/3PSMTL6oNN,-0.400000006,0.400000006,Positivo
"O @AloBradesco é a Amélia dos bancos. Cozinha, lava, passa, arruma…. Como nenhuma outra!",0,0.3000000119,Positivo
"Caralho, que propaganda foda do #bradesco #queroquetodomundotenha",0.5,0.5,Positivo
Achei muito fofa essa propaganda natal do #bradesco parabens quem desenvolveu,-0.3000000119,0.3000000119,Positivo
Gostei dessa menina: quer muitas férias para todo mundo em 2014! #Bradesco,0.200000003,0.400000006,Positivo
"Consegui ser atendido no #Bradesco, obrigado. Depois de 1 hora e meia.",0,0.1000000015,Positivo
As atendentes do @AloBradesco devem ganhar muito bem. Pq são de uma cordialidade nunca vista em outros bancos.,0,1.299999952,Positivo
Obrigada ao pessoal do @AloBradesco @Bradesco pelo presente de Natal! http://t.co/vyBaBrKscO,0,0.1000000015,Positivo
"Q surpresa agradavel chegar em casa e ter um presentão do @AloBradesco, terceiro ano ja que sou mimado com uma cesta de natal. Obg senhores!",0.200000003,0.5,Positivo
@AloBradesco um bom final de ano pra tds xoxal medias ae e obg pelas ajudas durante o ano :D (coloca esse tweet no relatorio),0.8000000119,0.8000000119,Positivo
"Estamos ficando mal acostumados, @naosalvo. O pessoal do @AloBradesco  ta estragando a gente com esses presentes :P",0,0.8999999762,Positivo
@azaghal @AloBradesco continuem assim ahuhuahuahu,0,0,Positivo
Melhor parte do fim do ano: a cesta do @alobradesco :D http://t.co/19YUwTa28X,0.6000000238,0.6000000238,Positivo
"E aí, você chega em casa e descobre que ganhou aquele PRESENTÃO do @aloBradesco. Um feliz 2014 pra… http://t.co/fuQYN69hyu",0.200000003,0.5,Positivo
Meus filhos quase não ficaram alucinados com o bau do do @AloBradesco http://t.co/kfQa13Mts5,0,0,Positivo
"Caramba, que cesta linda! Obrigado @AloBradesco! =D",0.3000000119,0.8999999762,Positivo
#FF @ImprensaCAIXA =&gt; Agenda #cultural pelo país e notícias da @CAIXA,0,0,Positivo
@Caixa estuda prorrogar dívida da OSX http://t.co/bTXKtHKAe9 Da série o meu o seu o nosso...,0.3000000119,0.3000000119,Positivo
"Que se lixem os anéis, venha o capital..! #caixa #pt",-0.200000003,0.5,Positivo
"Construção beneficia famílias com renda até R$ 1,6 mil. http://t.co/uCoTukQVGS #MinhaCasaMinhaVida @CAIXA @ImprensaCaixa",0,0,Positivo
#BolsaPódio @aldorebelo:A @CAIXA é uma grande parceira do esporte brasileiro e uma presença importante p/ ginástica http://t.co/fJRIGXwzAw,0,0,Positivo
#BrasilSemMiséria já saiu! http://t.co/Y4vcn8HznC Graças a @CAIXA,0.200000003,0.400000006,Positivo
@ClaroBrasil @ClaroRonaldo Muito obrigado !!! a promoção do twitter foi a melhor coisa que vocês poderiam inventar ...,0.3000000119,0.6999999881,Positivo
Mas um dia de trabalho !!! ?????? #bomdia #trabalho #mywork #work #clarobrasil #mylife #lifeisbutadream… http://t.co/TGBNg1SZhu,0.1000000015,0.6000000238,Positivo
"FINALMENTE CONSEGUI A PORTABILIDADE - QUASE SEM ESFORÇO. OBRIGADO, @ClaroBlog! &lt;3 &lt;3 &lt;3 http://t.co/gMtjTMezlF",0.3000000119,1.100000024,Positivo
"Novo dia, Novas metas, novos desafios... Hora de Produzir!!! ???????????? #bomdia #mywork #clarobrasil… http://t.co/vVwk8hhv65",0,1,Positivo
Bom dia Hoje é dia de Ação Externa!!! Simbora produzir... ?????????????????? #bomdia #clarobrasil #vempraclaro… http://t.co/nQ9Ddf0XxA,0.1000000015,0.6999999881,Positivo
Ação Externa !!! ????????????? #clarobrasil #sejoga #vempraclaro #trabalho #mywork #love #equipeplanet… http://t.co/E5Zbv1jAYV,0.3000000119,0.8999999762,Positivo
obgrigada @claro pelo tt mobile de graça \o/,0,0,Positivo
Muito obrigado @ClaroBlog pelo presente de 200 torpedos,0.5,0.5,Positivo
"@ClaroBlog Sou cliente da Claro a 6 anos e meio e nunca tive sérios problemas, ja em uma concorrente foram 3 meses de tortura!",-0.5,0.5,Positivo
"Opa, curti, parece que acesso ao facebook pela claro está de grátis. #ClaroBrasil #ClaroRonaldo #Chupa3g  @claroronaldo @ClaroBrasil",0,0.1000000015,Positivo
É por isso que as vezes eu gosto da #Claro! http://t.co/uTI4cqvriq,0.200000003,0.400000006,Positivo
Jênia @ClaroBrasil,0,0,Positivo
Facebook e Twitter grátis até pra pós pago! Hehe! Aí sim @ClaroBlog,0.200000003,0.8000000119,Positivo
Obrigada @claro,0.1000000015,0.1000000015,Positivo
"Problema resolvido, obrigada @ClaroBrasil  o/ já posso respirar melhor agora kkkk",0.5,0.5,Positivo
Essa 3G da @claro é uma beleza.,-0.3000000119,0.3000000119,Positivo
Hoje é dia de ser Feliz... ????????????? #bomdia #trabalho #clarobrasil #foco #força #fe… http://t.co/BE8YalDtMl,0.1000000015,0.200000003,Positivo
"E a #Claro (@ClaroRonaldo) dando show de respeito ao cliente! Parabéns!! 
http://t.co/JgsuexDo81",0.1000000015,0.400000006,Positivo
"Obrigado, @claroronaldo @clarobrasil, finalmente eu consegui fazer meu modem funcionar depois de UM ANO usando a @timbrasil.",0.200000003,0.200000003,Positivo
Gente eu aqui passado com a velocidade do 4G do iPhone 5S da #Claro (Perfeito),0.400000006,0.400000006,Positivo
@Gusbelli @claro eu uso e não tenho problemas aqui no Rio.,-0.1000000015,0.1000000015,Positivo
@danicarolp @claro eles estão com um pacotes combos com a @NEToficial que parecem interessantes,0.5,0.5,Positivo
"obrigado…mas poxa… RT @ClaroBlog: Olá, Neto. Pode ficar tranquilo que o acesso será liberado em dezembro. Conte com a gente se precisar.",0.200000003,0.8000000119,Positivo
"A Internet 4G da #Claro é outro nível hein !!!! Luxo, Poder e Glória !!!",0.400000006,0.8000000119,Positivo
"@ClaroBlog Enfim, como vcs já me ajudaram... conto com vcs mais uma vez...",0.1000000015,0.1000000015,Positivo
Confraternização da clarobrasil .Amo muito tudo isso ????????? #confraternizacao #clarobrasil… http://t.co/tvPQLxtdJq,0.200000003,0.6000000238,Positivo
É Claro que é a melhor Equipe !!! ?????????? #clarobrasil #equipeplanet #trabalho #mywork… http://t.co/FsDSkDuwvr,0.200000003,0.5,Positivo
"Equipe Claro @planetcellcg 
Equipe Bombacao !!! ????????????? #clarobrasil #equipeplanet #equipebombacao… http://t.co/Br4rLSsn3D",0.200000003,0.8000000119,Positivo
"demorou, mas enfim a dona @ClaroBrasil resolveu atender minha solicitação...",0,0,Positivo
E viva o #4GMax da #Claro!!! \0/ http://t.co/hWakXeTpNl,0.1000000015,0.400000006,Positivo
como presente de natal a minha 3g está muito rápida obg @vivo,0.8999999762,0.8999999762,Positivo
4G da @ClaroBlog até agora funcionando muito bem.,0.8000000119,0.8000000119,Positivo
@NFumache @ClaroBlog o 3G comigo sempre funciona muito bem também rsrsrs,0.8000000119,0.8000000119,Positivo
Eu faço parte de algo que é capaz de fazer sorrir encantar alegrar e emocionar. Eu faço parte do #Itaucard... http://t.co/SpdIAiPwXS,0.6000000238,1.299999952,Positivo
Mega evento... #itau #mocoto #topteam #sucesso ; ) http://t.co/CjH7HfRI4b,0,0,Positivo
"Não gastei nada para trocar 30 mil pontos do @itaucard por pontos @Multiplus. Já o @kmdevantagens cobra R$ 1.470. Que diferença, hein?",0,1.399999976,Positivo
"Taí, meia hora depois o @itaucard me liga e o problema tá resolvido. Obrigado. =)",0.1000000015,0.400000006,Positivo
"Olha como o ITAÚ é bonzinho comigo, @itaucard http://t.co/WgyGp9NiVD",0.1000000015,0.1000000015,Positivo
Nova campanha saindo. Eu e o @celso_kamura :-) #itaucard #itau #lovemyjob raphaelbn @ casa do meu amigo http://t.co/oELAS7h93S,0.3000000119,0.6000000238,Positivo
#cineart #itaucard paga meia agora. Muito bom http://t.co/uIMWqfinIQ,0.400000006,0.8000000119,Positivo
Muito legal esse projeto do #Itaú Social! http://t.co/d0d2EgRIqO,0.400000006,0.8999999762,Positivo
EU SIGO E INDICO &gt;&gt;&gt;&gt;&gt;@itau @Itaucard SE VOCÊ ME SEGUIR... RSRSRS,0,0.1000000015,Positivo
O comercial da #itau eh sensacional. #diadascrianças,0.1000000015,0.1000000015,Positivo
O #itau investe na leitura das novas gerações através desta linda ação! Parabéns #itau #issomudaomundo http://t.co/BsNkuBJQSf,0.3000000119,0.6000000238,Positivo
leia para uma criança #itau http://t.co/Mv73Idhwvv,0,0,Positivo
#Bradesco e #Itau PARABENS pela responsabilidade social. #EuNoTeleton,0.1000000015,0.3000000119,Positivo
#Itaú e #Bradesco juntos por uma ótima causa.... Louvável,0,0,Positivo
Sempre MUITO bem atendida pela @Itaucard ! Muito obrigada!,0.1000000015,0.8999999762,Positivo
#LeiaParaUmaCriança #IssoMudaOMundo #Itaú http://t.co/wvZ6u8lsN5,0.1000000015,0.1000000015,Positivo
opaa problema solucionado! #ItauCard lindo rsrs 'não mostre o seu #CartãoCrédito a ninguém =),0.6999999881,1.5,Positivo
Chegaram! Obrigada #itau http://t.co/h1Rp2Gn0eZ,0.1000000015,0.200000003,Positivo
@Itaucard obrigado pelo atendimento rápido e pela solução do ocorrido. (Y),0.3000000119,0.6000000238,Positivo
"@Animadissima Bom dia! Em casos relacionados ao cartão peço que entre em contato com o @itaucard, eles irão te ajudar da melhor forma. =)",0.5,1.5,Positivo
Consegui estornar uma compra indevida feita no ML com meu cartão de crédito em 5 minutos! Parabéns Itaucard pela eficiência #itaucard #itau,0,0.3000000119,Positivo
@Itaucard Obrigado por responder tão rápido ;-),0.6999999881,0.6999999881,Positivo
@itau to TÃO feliz que nem sei explicar pra vocês. cc @Itaucard,0.3000000119,0.3000000119,Positivo
"Que demora para o #Santander aprovar um compra online, se fosse #Itaucard era em minutos... #tenso",-0.400000006,0.400000006,Positivo
@itau voce e a @saraivaonline sao os melhores &lt;33333,0,0,Positivo
"Liguei para o pessoal do atendimento do @Itaucard, e em menos de 30min já recebi um email com meu problema solucionado. Parabéns @Itaucard",0.1000000015,0.3000000119,Positivo
Consegui cancelar o cartão de crédito #Itau em menos de 10 minutos. Muito esquisito!,0.400000006,0.8999999762,Positivo
O atendimento do @Itaucard é ótimo! Parabéns. 30 horas também no Twitter,0.200000003,1.200000048,Positivo
A melhor coisa que já fizeram Twitter do #itau ajuda muuuuitoooo !,0.400000006,0.400000006,Positivo
Essa propaganda da copa feita pelo #itau ficou linda. Excelente de verdade.,0.1000000015,1.700000048,Positivo
Puts... o #ITAÚ depravou no Comercial!,-0.200000003,0.200000003,Positivo
O @itau me fez feliz hoje!!! Agilidade na entrega da 2ª via do cartão (2 dias úteis!) =D #itaucard #itaú #IssoMudaOmundo,0.400000006,1.200000048,Positivo
"Bora ser seu próprio chefe, trabalhar com esportes e ganhar 20 mil reais? A #InterU e o @BancoDoBrasil explicam como: http://t.co/ZgbqthSluF",0,0.1000000015,Positivo
"Para Paulo Bernardo, fusão entre PT e Oi é positiva para o Brasil   #pt #oi  http://t.co/e4Z1rBDAz0",0.8000000119,0.8000000119,Positivo
Aff presente maravilhoso da #Oi: o novo BlackBerry Z10! Todo lindo e cheio de funcionalidades! ???? @… http://t.co/5O5leKmdhH,-0.1000000015,1.200000048,Positivo
"TIM CLARO VIVO NEM CHEGA PERTO DA #OI,A #OI TA CLARO NO QUE PROMETE,VIVO QUEM TEM #OI,ATÉ O TIM DIRIA,SOM NA CAIXA,#OI AUAU",-0.5,0.5,Positivo
Ganhei 30 torpedos da @Oi . Vou joga-los todos no @obama,0.1000000015,0.3000000119,Positivo
A #oi lançou dois chips em um que funciona como micro também. Só faltou o nano pra ficar perfeito. http://t.co/5aME3UTG5E,0,0.3000000119,Positivo
Cara que noticia linda.... Naum pude deixar de deixar meu #Oi pra esse cara que tive a oportunidade de… http://t.co/c4ZbsZdMSP,0.6000000238,1.200000048,Positivo
Ta bom @oi https://t.co/WLoRovcGXK,0.400000006,0.400000006,Positivo
@carolina_ana1 @claro da @digaoi é perfeita,0,0,Positivo
@bb essa imagem ficou muito legal. Lindo casal. #rimou http://t.co/xnXaFG73rq,0.5,1.100000024,Positivo
"Urrul! Legal esse site, tweeta automatico e rapidinho!! http://t.co/JlrM7v4E8G #timbeta #rt #socialup #legal #Oi",0.400000006,1.299999952,Positivo
Muito bacana da parte da #Oi - Vários colaboradores compraram os presentes das cartinhas das crianças… http://t.co/g4pZeWkOGB,0.8999999762,0.8999999762,Positivo
Prezada @digaoi. Vocês foram rápidos. Já funciona. Meus agradecimentos.,0.3000000119,1.200000048,Positivo
"Obrigado @LeiSecaRJ ,graças a divulgação do meu caso aqui, a @digaoi tratou meu caso como PRIORIDADE e consegui instalar o fixo hj!",0.3000000119,0.3000000119,Positivo
Atualizei minha agenda em poucos segundos com o App Oi 9º Dígito! Saiba mais: http://t.co/eGOOV7ILC3 #Oi #9digito #iOS #Android,0.3000000119,0.6000000238,Positivo
@digaoi agradecemos a brevidade.,0.1000000015,0.1000000015,Positivo
Valeu @digaoi @digapor ter rezouvido o pobrema da inter net da mãe da Nega Jujú...a véia tava ficano doida...ela é aviciada em vídio pornô.,0,0,Positivo
"Em breve nas melhores lojas do ramo!!!
@sonymusic 
@skybrasil 
@aesfingedoegito 
@PretinhoDaSerra… http://t.co/Ra1A2AmkNM",0.1000000015,0.6000000238,Positivo
Bento é uma paisagem perfeita na minha #SmartTV !!!  #SkyBrasil,0.1000000015,0.3000000119,Positivo
@skybrasil ele na frente sempre. (Vamos querer bonificações pelo merchan. #SkyBrasil) http://t.co/qciJJ8fReO,0.1000000015,0.400000006,Positivo
Priiiincesa liinda *-* #skybrasil #hdtv #sucesso #sky #love #claudialeitte #princesa #tv… http://t.co/6cVfD3E6qC,0.400000006,0.8000000119,Positivo
Photo: Priiiincesa liinda *-* #skybrasil #hdtv #sucesso #sky #love #claudialeitte #princesa #tv... http://t.co/b8CHHjawjA,0.400000006,0.8000000119,Positivo
Menus da Sky atualizados... Ficou top! #skybrasil,0.3000000119,0.8999999762,Positivo
Tenhos Net e Sky já! RT @Chico_PC: @edutrevisan @SKYresponde muda pra @NEToficial quem tem 3 ESPNs EM HD!! + 2 SPORTVs e a FOXSPORTS!,0,0.6000000238,Positivo
@SKYresponde Curti a nova cara da #SkyHDTV Parabens...,0.3000000119,0.3000000119,Positivo
@skybrasil  atualização de ontem fico muito bom novo menu #skybrasil #sky #novasky http://t.co/N1DMBAEm1n,0.8000000119,0.8000000119,Positivo
"muito melhor e bonito o novo guia de programação da @skybrasil! Quando é pra elogiar, vamos elogiar. #SKYbrasil",0.3000000119,1,Positivo
"Amei em estar com o meu time @Skybrasil  vcs são demais todos vcs.
 I love this time that I had… http://t.co/ZfZoTsQNx1",0.6999999881,1.399999976,Positivo
"Achei muito top o novo design da SKY HD (y)

#SkyBrasil #SkyHD #NovoDesign",0.400000006,0.8999999762,Positivo
"Sinal perfeito com chuva forte, mais um mito derrubado!! #Sky #skybrasil #chuva #rain #hdtvéisso #dth… http://t.co/BYnsmtFP4l",0.400000006,0.8000000119,Positivo
Marcela Temer acaba de me ligar e informar que a @skybrasil resolveu o problema lá de casa. Finalmente! Poderei ver o Galo em HD no Mundial!,0.400000006,1.399999976,Positivo
"só de boa assistindo tele cineeee!
só filme boooom!
#skybrasil
#telecine",0.3000000119,1.299999952,Positivo
"Falei com a @SKYresponde num dia, me ligaram no outro e já tem um cara aqui pra instalar. Ótimo atendimento!",0,0.200000003,Positivo
"Urrul! Legal esse site, tweeta automatico e rapidinho!! http://t.co/JlrM7v4E8G #timbeta #rt #socialup #legal #Oi",0.400000006,1.299999952,Positivo
"@jermbebado merece, por ter me proporcionado um plano vantajoso para q eu me comunicasse com meus amigos virtuais. Parabéns @tim",0.3000000119,0.6999999881,Positivo
@jermbebado a @tim eh uma boa compaheiraaaa ngm pode negar,0.1000000015,0.1000000015,Positivo
Ainda bem que o cel. é dual... a #Claro patina e não vai. Salva pela #Tim.,-0.200000003,0.400000006,Positivo
"Adoooooooooro este casal da #vivo ele já era demais agora com ela então, gata, linda e boa atriz http://t.co/ZhD9fgPj0g",0.400000006,0.400000006,Positivo
"que deus te de em dobro, toda a velocidade de internet q vc me deu @vivo",0.5,0.5,Positivo
O atendimento do call center do Alisyon foi sensacional #Vivoemrede,0.6000000238,0.6000000238,Positivo
#KCAArgentina #ComunidadTkm #Vivo @RadioTKM,0.1000000015,0.1000000015,Positivo
Minha Internet Box 4G já voltou de Jaconé !!!! #Adoro #Vivo,0.5,1,Positivo
"#vivo, estou impressionado, hj fui atendido com rapidez pelo Guilherme que estava muito bem informado de tudo... # parabéns #momentosraros",0.8999999762,0.8999999762,Positivo
To na loja da @vivo comprando um BoxVivo. Negócio tá vendendo como água.,0,0.400000006,Positivo
~ Acho ridículo o #BancodoBrasil estar em greve ¬¬,-0.400000006,0.400000006,Negativo
Aproveitando as cornetadas. Fujam do @BancodoBrasil,0,0.1000000015,Negativo
Estressada com esse #BancoDoBrasil,0.6000000238,0.6000000238,Negativo
"Que LIXO o atendimento do @BancodoBrasil fiquei duas vezes por uns 15 ou 20 minutos aguardando atendimento, e NADA. Que lixo hein @BB",-0.6999999881,1.399999976,Negativo
não há coisa q eu odeie mais que banco. o dinheiro é meu e eu nao posso pagar a minha conta pq o @BB acha que é alto o valor..pode?,0.5,0.5,Negativo
E o #bancodobrasil continua sem envelopes p/ depósito. #palhaçada,-0.200000003,0.200000003,Negativo
"Você dá um BACK, o site desloga a sua conta, desliga o seu computador, volta no tempo e mata seus pais. ô louco, @BancodoBrasil",0,0,Negativo
"Chega à redação do @PortalNoArBR notícia de confusão em agência do #BancodoBrasil Clientes revoltados, perdendo a paciência em fila enorme.",-0.1000000015,0.1000000015,Negativo
"Vou trocar de banco, sair do @BancodoBrasil  ir pro @itau ! Ta Osso",0.1000000015,0.3000000119,Negativo
...ter coisa que só se resolve na sua agência. Burocracia pura! #BancodoBrasil #BB #satanas,0,0.1000000015,Negativo
#Partiu #Fila #BancoDoBrasil #WestShopping ;*,0.6000000238,0.6000000238,Negativo
Que preguiça de gente que paga contas em caixas eletrônicos. (at @BancodoBrasil) http://t.co/PZaw3SuL3D,-0.200000003,0.200000003,Negativo
Esse @BancodoBrasil é uma piada. 1 semana pra análise de atualização de ata e nenhuma resposta. #porcaria,0.3000000119,0.3000000119,Negativo
"R$352,00 a menos na minha conta, porém zero de dor de cabeça. #valeuapena #bancodobrasil #adeus",0,0,Negativo
Demora no atendimento do #BancoDoBrasil só pra variar #Fail,-0.8999999762,0.8999999762,Negativo
Ai a impressora para de funcionar .. Hee #BancodoBrasil,-0.1000000015,0.6000000238,Negativo
@BancodoBrasil. Estou há 40min pra pagar duas contas... Isso é um absurdO @BANCODOBRAS1L @LeiSecaRJ @RADARCOSTAVERDE http://t.co/VotWuEzchL,0,0.6000000238,Negativo
odeio o cartão do @bb... sempre da pau na hora de pagar,-0.6000000238,0.6000000238,Negativo
Me sinto frustrada e esgotada depois de passar horas tentando PAGAR meu cartão de credito #bancoDoBrasil,-0.8000000119,0.8000000119,Negativo
A menina do Call Center do #bancoDoBrasil desligou o telefone na minha cara.. #FalaSerio #brasil,0,0.3000000119,Negativo
Alo @BancodoBrasil sei q a situação ta dificil mas fazer 3banners com montagem da mesma foto do Gianecchini é foda ne http://t.co/UPL9jcUGU3,0.5,0.5,Negativo
Talvez chegue um dia em que a coragem dos homens falhará. E conseguiremos acessar o @Bancodobrasil. MAS HOJE NÃO É ESTE DIA! (Tolkien),0.3000000119,1.200000048,Negativo
40 minutos na fila do @bancodobrasil @bb em Cabo Frio http://t.co/QgU5CGGpMy,0,0,Negativo
"E o #BancoDoBrasil continua lindo! Primeiro tiram os caixas rápidos pela cidade afora, e agora nem os… http://t.co/lTuLLC9y44",0.400000006,0.8999999762,Negativo
Banco do Brasil estigmatizando jardineiro como um coitado que não tem conta em banco #BB #Bancodobrasil,-0.400000006,0.400000006,Negativo
"Se você precisar de ligar diretamente para o #BANCODOBRASIL e do #ITAÚ de Casimiro de Abreu, não perca tempo. NINGUÉM ATENDE!",-0.1000000015,0.400000006,Negativo
"Eu sou um irresponsável, o maldito do banco #ibi #bradesco #BANCODOBRASIL bando do brasil é o pior de todos, bom pra todos é o caralho",-0.400000006,0.400000006,Negativo
Gente essa fila do banco é um crime contra minha paciência #BancodoBrasil,-0.3000000119,0.3000000119,Negativo
Só queria agradecer ao #BancodoBrasil por mais uma vez arruinar todo o sistema do meu computador com seu suposto programa de segurança!,0,0,Negativo
"Parabéns, @BancodoBrasil! Estamos completando 1 mês do lançamento do OS X Mavericks e seu internet banking ainda não funciona no Safari.",-0.3000000119,0.8999999762,Negativo
E o @BancodoBrasil que pelo segundo mês seguido suga todo o dinheiro que cai na conta da @vaansfreire sem nenhuma explicação?! Que BELEZA!,0,0.1000000015,Negativo
Aiaiai espera chata. #bancodobrasil #boatarde  #daimepacienciasenhor @ Banco do Brasil http://t.co/iYiwbLFvTJ,0.3000000119,0.3000000119,Negativo
Photo: Aiaiai espera chata. #bancodobrasil #boatarde #daimepacienciasenhor (em Banco do Brasil) http://t.co/cRobwtMitC,0.400000006,0.400000006,Negativo
Meu odeio fila de banco e o #BancodoBrasil não ajuda :/,-0.5,0.5,Negativo
Piada esse banco @BB não dá saldo depois das 22h.,-0.5,0.5,Negativo
Quer desejar um mal a alguém? Mande ela ir resolver alguma coisa no #BancodoBrasil,-0.200000003,0.400000006,Negativo
"Só queria pagar um misero boleto. Só 1. Mas não, tinha q bixar esse app do @BancodoBrasil logo hj.",-0.3000000119,1.100000024,Negativo
O @BancoDoBrasil tb não deixa as pessoas me pagarem + que R$ 500 por dia! Gente do céu.. Q banco é esse?!?!?!?!?! http://t.co/nc8cWHeVIT,0,0.8999999762,Negativo
Aff como eu odeio atendente burra #bancodobrasil,-0.8000000119,0.8000000119,Negativo
"mandei meus dados pro @BancodoBrasil, liguei de novo na agência, e ninguém me passa uma informação. Alguém me recomenda um banco bacana?",0,1.100000024,Negativo
eu só queria usar o #bancodobrasil no #MacBook só isso! :(,-0.8000000119,0.8000000119,Negativo
Tá difícil do @BancoDoBrasil deixar eu mexer no MEU dinheito! http://t.co/mOnwUvt0FR,-0.1000000015,0.400000006,Negativo
Gente: @BancoDoBrasil NÃO deixa vc sacar + q R$ 1.400/ dia ou R$ 12.000/ mês do SEU dinheiro! É meu bco ou minha mãe? http://t.co/2RmK2j3acu,0.1000000015,0.5,Negativo
O @BancoDoBrasil só deixa pagar R$ 1.000 de IPVA. Que carro tem R$ 1.000 de IPVA? Brasília 94?,-0.1000000015,0.400000006,Negativo
"#BancodoBrasil,  incompetência define!",0,0,Negativo
"e se o @bancodobrasil nao resolver, processo DE NOVO.",-0.1000000015,0.1000000015,Negativo
Eu tenho uma pro Santander. #fail RT @andrecarlucci: Ter uma máquina virtual no seu note só pra acessar o #BancoDoBrasil. Isso é 2013.,-0.1000000015,0.6000000238,Negativo
Atenção galera o APP do #BancoDoBrasil #Bb está bugado! Tento acessar minha conta porém acesso outras contas... http://t.co/mmOlGYRuzV,-0.1000000015,1.299999952,Negativo
Alguém pode explicar o que está havendo com o App para smartphone do @BancodoBrasil ? Acessei mais de 5 contas diferentes! #Bb #BbFail,0.1000000015,1,Negativo
"App do #BancodoBrasil ta maluco, já acessou 7 contas sem ser a minha, deu acesso a extratos completos e dados pessoais. Que bacana BB!!",0.200000003,1.100000024,Negativo
"Bug bizarro no app do @BB Banco do Brasil. Após atualização, entrava em minha conta, mas acessava o conteúdo de... http://t.co/A79IAWH4L1",0,0.8000000119,Negativo
Bug bizarro após atualizar o app do @bb @bancodobrasil vendo contas de outros clientes,-0.6000000238,0.6000000238,Negativo
Cabeças vão rolar do dev mobile do @BancodoBrasil...,0,0,Negativo
"Alô, @BancodoBrasil! O app de vocês para Android tá muito louco! Entrei na minha conta e vi o extrato de OUTRO CLIENTE! O.o",0.3000000119,1.200000048,Negativo
"Se o @BancodoBrasil for sério, toda a diretoria deverá ser demitida ainda hoje! Onde se viu vazar sigilo bancário dos correntistas?!",-0.1000000015,0.200000003,Negativo
Falha grave é descoberta no aplicativo do #BancodoBrasil para Android e iOS. http://t.co/hSSMv59so5 http://t.co/h4BMWLzzX9,-0.5,0.5,Negativo
Falha grave é descoberta no aplicativo do #BancodoBrasil para Android e iOS. http://t.co/L3KzXMFHT9 http://t.co/Y05L0VHvPE,-0.5,0.5,Negativo
"Que isso, @BancodoBrasil?! RT @DiariodoAndroid Falha grave descoberta no aplicativo do #BancodoBrasil p/Android/iOS http://t.co/MVZmE4uhEl",-0.6999999881,1.399999976,Negativo
Falha grave é descoberta no aplicativo do #BancodoBrasil para Android e iOS. http://t.co/cnOT4D1GOq https://t.co/T0nmqh1GYW,-0.5,0.5,Negativo
"Parece um app, mas é uma caixinha de surpresas. @BancodoBrasil mostrou dados privados em mega falha: http://t.co/jshD85ilMd",0,0.6999999881,Negativo
"Já instalei Java, já instalei módulo de segurança, já instalei o satanás de cueca mas não consigo entrar no site do @BancoDoBrasil!!!",-0.200000003,0.200000003,Negativo
Falha gravíssima no #sistema do #BancoDoBrasil expõe dados pessoais e bancários de correntistas.. http://t.co/xOFwINGBKL #BB via @fabionader,-0.5,0.5,Negativo
Alô ouvidoria @BancodoBrasil até qdo teremos esse péssimo serviço prestado aos Mossoroenses? Favor respeitar seus clientes.,0.200000003,0.8999999762,Negativo
O @BancodoBrasil deu alguma satisfação sobre o absurdo de mostrar o extrato de outras pessoas p/usuários iOS ou vai fingir q não houve nada?,-0.6999999881,0.6999999881,Negativo
#bancodobrasil fdp. Paguei minha multa já faz tempo e olho no site ta como não paga.,-0.5,1,Negativo
#bancodobrasil me impressionando a cada dia: abrem extratos aleatorios no app pra mobile e dizem q agr ta td bem e q nao foi serio!,-0.3000000119,0.3000000119,Negativo
Nada funciona neste #BancodoBrasil hj e empresa boa meu Deus!,-0.6999999881,0.6999999881,Negativo
@bb sumiu com um depósito de 1900$. Vamos lá brigar com o gerente :/,0.200000003,0.400000006,Negativo
Mais de 2 horas esperando ser chamado e pelo jeito vão mais 2 horas! #BancoDoBrasil como eu te amo! #SQN ao cubo!,0.5,1.600000024,Negativo
Como é que alguém em sã consciência escolhe esse banco? Estou aqui mais do que obrigado! É a cara do Brasil do Descaso! #BancoDoBrasil #Fail,0,1.700000048,Negativo
A lentidão e despreparo do #bancodobrasil no setor imobiliário é uma coisa incrível. É melhor não ter o produto.,0.1000000015,0.5,Negativo
o sac pelo 0800 729 0722 do #bancodobrasil é tão ruim qto qquer outro serviço oferecido pelo banco na internet.,-0.200000003,0.200000003,Negativo
"Ridículo o atendimento estratificado do @BB @BancodoBrasil você fica mais de meia hora esperando ser atendido, com gerente à toa!!!",-0.6000000238,0.6000000238,Negativo
Alou @bancodobrasil ta bem feio uma entidade de vcs estar sempre na frente e com pouco compartilhamento http://t.co/OV1NkbuD9E #Vergonha,0.3000000119,0.3000000119,Negativo
Olhem essa promoção do @bancodobrasil vejam quem ta em primeiro e quem ta em segundo http://t.co/OV1NkbuD9E isso não cheira sacanagem?,-0.5,0.5,Negativo
"Pelo menos no @bb a metade é essa, irei até a agência e solicitarei o fechamento de contas... Depois ficam fazendo,  propaganda de gente boa",0.1000000015,0.6999999881,Negativo
"@tim @blackberry respondam ai RT @Valescam1: Pq você fica sem net,me diz @RaphaeelCastro",0.1000000015,0.1000000015,Negativo
@Valescam1 @tim @BlackBerry sim.. Esses bando de filho das putas.. Odio d você tim e blackberry,-0.3000000119,1,Negativo
"#ReclameAqui &gt; #Bradesco Mastercard NEGLIGENCIA,CALUNIA http://t.co/ZgrJFzJrdf #alobradesco #bancocentralbr #r_bandeirantes #celso_russomano",0,0,Negativo
@luciogirotto: TERCEIRA RECLAMAÇAO #bradesco #alobradesco #bancocentralbr #BandNews #datenaoficial #ReclameAQUI http://t.co/v9SgaBB27A,0,0,Negativo
Bom dia pra vc que já acorda se estressando com o @Bradesco ... #lamentavel,0.400000006,0.400000006,Negativo
Devido a maldita greve dos Bancos o @Bradesco estornoubo caixa meu depósito.  Ocorre que... preciso pagar minhas contas.,-0.400000006,0.8999999762,Negativo
"@Bradesco Não pague a agencia que criou essa propaganda, POR FAVOR...
RI DÍ CU LA.",-0.3000000119,1,Negativo
Biometria do @Bradesco você torra a paciência.,0,0,Negativo
Com esse serviço horrível de caixa automático do #Bradesco... devia era ter protesto pela REDUÇÃO dos salários...,-0.1000000015,0.1000000015,Negativo
A agência 0318 do #Bradesco está com tempo de espera de 1 hora... Um absurdo!!! #Paulinia,-0.1000000015,1.200000048,Negativo
Dezenas e dezenas de pessoas na fila do @Bradesco e apenas UM caixa eletrônico fazendo depósito (os outros quebrados). Dureza hein,-0.1000000015,0.400000006,Negativo
Horas e horas no banco pra resolver o problema do meu carro... ahhhh #bradesco !!!!!!!,0.400000006,0.400000006,Negativo
Tudo indica que vou ter que procurar um outro cartão @Bradesco,0.5,0.5,Negativo
se alguém entendeu essa propaganda bost@ do não me manda uma meia mussarela do #bradesco por favor me explica.,-0.6000000238,0.6000000238,Negativo
"Gostaria q a vida fosse facil e bonita como um comercial de Banco! Mas são todos um lixo, aproveitadores! #caixa #itau #Bradesco #santander",-0.1000000015,1.5,Negativo
"No #Bradesco você perde tempo,  dinheiro,  hora do almoço,  paciência e paz.",-0.3000000119,0.3000000119,Negativo
"vey, num eh possivel, o @bradesco @AloBradesco eh um carma! eu nao consigo passar um mês sem ter uma treta! #PQP .... mais uma @smk_barbosa",0.200000003,0.6999999881,Negativo
"https://t.co/LYPgxxI0lj as ações sociais do #BRADESCO ou, pq não tem problema depredar bancos. Bancos são o inimigo. repassa.&gt;&gt;",0.200000003,0.400000006,Negativo
Eu tenho certeza que esse @bradesco tá de sacanagem comigo!!! @alo_bradesco #bradesco,0.3000000119,0.6999999881,Negativo
Taê o @Bradesco praticando vandalismo contra sociedade ao colocar pedras pontiagudas em calçadas: http://t.co/MlgZTdwNNQ,0.200000003,0.200000003,Negativo
"#Bradesco, sempre fudendo com a vida das pessoas! http://t.co/js3pF4n2Yc",0.200000003,0.400000006,Negativo
"Que imbecilidade @AloBradesco RT @ale_borba #Bradesco, sempre fudendo com a vida das pessoas! http://t.co/2YkEsqC1qo",0,0.200000003,Negativo
"Estou a quase 6 horas tentando pagar a fatura do meu cartão #Bradesco, esses bancos de #greve, ja… http://t.co/CraZmH45gf",-0.8000000119,0.8000000119,Negativo
"É lamentável, além dos bancos em greve, atendimento pessoal continua indesejado. #Bradesco",0,0.1000000015,Negativo
"Na porcaria do #bradesco do Limão, além da greve, nenhuma máquina de deposito está funcionando, malditos. Quem... http://t.co/XH1V9t62JL",-0.3000000119,0.8999999762,Negativo
"Agência 0265 com só um caixa eletrônico funcionando. Pô @AloBradesco, aí complica! Toda semana! http://t.co/sWoWUcGOGX",0,0.8999999762,Negativo
Depois de + de 1/2 hora no call para instalar NET Empresa @AloBradesco no MAC a 3a atendente descobre: sua empresa ainda não imigrou,-0.6999999881,0.6999999881,Negativo
A lei da meia hora no banco não existe mesmo pqp #bradesco,-0.6999999881,0.6999999881,Negativo
To aquii no banco #bradesco mo demora pra ser atendido,-0.6000000238,0.6000000238,Negativo
#alobradesco mais de 30 minutos e não fui atendido ag 2178,-0.5,0.5,Negativo
Tenho que movimenta quanto pra mim ser cliente exclusivo? sei nem quem é meu gerente falta de respeito #alobradesco,0,0.3000000119,Negativo
Pior besteira quer o @AloBradesco  fez foi mudar sua bandeira para Cielo..,0,0,Negativo
"O Twitter está copiando o Facebook. Eu não sigo o @Bradesco, mas me apareceu este spam. #BlockBradesco http://t.co/FIlTV78006",-0.1000000015,0.5,Negativo
"Ligo pro atendimento do #Bradesco e eles não sabem me informar o que é o BIC. Gente, por favor, façam um esforcinho.",-0.1000000015,0.3000000119,Negativo
"ESSA É A CAPIVARA DO @bradesco
????/)???
?????????
  ??????????? 
???????????| 
?????????? ? 
  U?U????U??U
ELA QUER QUE VOCÊ USE WINDOWS",0,1.700000048,Negativo
@AloBradesco  olá estão por ai hoje ?,0,0,Negativo
Esse Fone Fácil do #Bradesco é uma piada. A opção para falar com um atendente te redireciona para outra opção do menu.,0.5,1.100000024,Negativo
"Pelaipe jogou copos em assessor? Entendo-o. Se tivesse copos, de repente tacaria aqui na agencia do @alobradesco.",-0.200000003,0.8000000119,Negativo
"Ai, num computador, tem a minha assinatura. No outro nao tem. E adivinha: estou desde as 9:30 da manha e nao resolvem,  @alobradesco.",0,0.200000003,Negativo
"A conta é minha, estou aqui, faço todas as assinaturas q eles fazrm mas nao fazem o pagamento @alobradesco.",0.3000000119,0.3000000119,Negativo
"E se a turma do bla bla bla aparecer perguntando o que houve, vou mandar se fuder. Aviso logo.  @alobradesco.",0,0.1000000015,Negativo
"Protocoli aberto na ouvidoria, advogado acionado, fotos da agencia tiradas. Proximo passo é a policia, @alobradesco.",0,0.1000000015,Negativo
"Saí do @AloBradesco, sem resolver o problema do jeito que eu queria. Na policia eu não fui, mas na justiça nos veremos.",0,0.3000000119,Negativo
Tive que tirar uma foto. Só em Parintins você vê isso. #bradesco @ Posto Santa Rosa http://t.co/qdxgBbtGOQ,0,0.5,Negativo
"MAS OLHA ESSE @Bradesco ME ROUBANDO R$65,00.",0.200000003,0.200000003,Negativo
Saio da bosta (@itau) pra cair na merda (@bradesco).,-0.6999999881,0.6999999881,Negativo
primeiro o @Bradesco seqüestra todos os relógios digitais do rio com um B O A T A R D E idiota e inútil. agora isso: http://t.co/R7iB4c34xb,-0.400000006,0.400000006,Negativo
Duas coisas que ao longo da vida a gente acaba aceitando: mulher feia e cartão do #bradesco,0,0,Negativo
N sei pq insisto em usar a merda caixa do #bradesco. Essa bosta nunk presta! (@ Boulevard Shopping - @boulevardbelem) http://t.co/tNaG5KxG9A,-0.5,2,Negativo
Seria daora o #Bradesco liberar meu salário,0.5,0.5,Negativo
É inadmissível esperar 40m por um atendimento no #BancoDoBradesco #bradesco #lamentavel,-0.400000006,0.400000006,Negativo
Péssimo atendimento no #bancodobradesco #bradesco aqui é o local onde vc mais perde tempo.,-0.3000000119,0.3000000119,Negativo
1 hora na fila do @bradesco e ainda tem 12 na minha frente. Pode isso Arnaldo?,-0.200000003,0.400000006,Negativo
Nunca dependa de um caixa automático #Bradesco. Vc sempre vai se ferrar! SEMPRE!!!!!! Todo mês comigo é assim. É impressionante...,0,1.899999976,Negativo
"@AloBradesco aqui em Pau dos Ferros, no Supermercado da Rede Lajedo, preciso fazer um deposito e o sistema fora do ar...",-0.1000000015,0.1000000015,Negativo
Sobre o Fone Fácil Bradesco: uma merda. @Bradesco,-0.1000000015,0.5,Negativo
Achei que o @AloBradesco tinha resolvido o problema mas não. Que saco cara,-0.3000000119,0.6000000238,Negativo
De que adianta ter 31 anos de relacionamento com o @AloBradesco e não conseguir crédito quando se precisa.,-0.1000000015,0.1000000015,Negativo
"Porra @AloBradesco. Me derruba no meio do pagamento, tento entrar de novo e diz isso. Tsc, tsc… É hj....... http://t.co/uGPvOs4rOe",-0.1000000015,1.100000024,Negativo
"minha cara pra vcs @AloBradesco #chateada
http://t.co/Lwgj79tAo9",0,0.200000003,Negativo
É muita sacanagem 14 maquinas e nenhuma fazendo depósito na agência de Miguel Couto do @alobradesco #Bradesco vergonha isso .,0,0,Negativo
Essa cor Vermelha do #Santander e do #Bradesco me incomodam profundamente !!!,-0.400000006,0.400000006,Negativo
"Todos os bancos estão funcionando pelo @firefox aqui na empresa, menos o #Bradesco é muita sacanagem não.",-0.5,0.5,Negativo
"Vcs acham honesto quando o @AloBradesco oferece uma taxa de empréstimo de 4%, mas um mês depois que consegue liberar diz q aumentou p 5,90%?",0,0,Negativo
"@JorgeBarbosa @AloBradesco Mas vale abrir um banco, que assaltar mil deles.",-0.200000003,0.200000003,Negativo
RT @severosales: E mais uma vez o Bradesco me deixa na mão. #bradesco,0,0,Negativo
Achar um caixa eletrônico do @bradesco funcionando é como procurar agulha num palheiro,-0.6999999881,0.6999999881,Negativo
Há dias tento acessar o @AloBradesco no chrome do mac e sempre dá isso http://t.co/T6opPKF7pZ,-0.6000000238,0.6000000238,Negativo
Ta difícil hein @AloBradesco ? Jeito vai ser mudar de banco mesmo,0,0.400000006,Negativo
kkkk #bradesco inacessivel!RT @cassiqueiro: @braillu @WagnerMaia0 http://t.co/XBc2JsQxDJ,0.1000000015,0.1000000015,Negativo
Uma hora esperando ao telefone para ser atendido pelo SAC do #BradescoNetEmpresa. Alô #Bradesco!,-0.3000000119,0.8999999762,Negativo
Quer dizer que você pede um cartão novo do @Bradesco e ele não é mais Visa e não passa em qualquer lugar? Pqp,0,0.3000000119,Negativo
"O fácil do Fone Fácil @Bradesco é tipo o ""fast"" do Fast Food.",0.8999999762,0.8999999762,Negativo
Vendo o drama da @carolrabello com o @AloBradesco lembrei que tenho que fechar minha conta. Pior banco e ainda bloqueia o dinheiro da amiga,0.5,1.100000024,Negativo
@Bradesco RECLAMAÇÃO: Agência 2403 (Portal do Morumbi/São Paulo) não compensou cheque depositado e não avisa o cliente desde AGOSTO de 2013.,-0.8000000119,0.8000000119,Negativo
Interessante mesmo é o meu banco e o departamento que nunca me dão notícias positivas. Aff #bradesco estou ficando desgostosa de vc.,0,1.700000048,Negativo
o @AloBradesco continua de brincadeira comigo e não me deixa comprar com meu cartão pela internet. pqp viu,-0.5,0.5,Negativo
45 min esperando pra ser atendida no #Bradesco Esse banco ta de parabens! #SQN,-0.3000000119,0.8999999762,Negativo
Até não sendo cliente esse @Bradesco só me decepciona! :/,-0.8000000119,0.8000000119,Negativo
Pior serviço de caixas automáticos da Paraíba: @Bradesco. Total desrespeito com o consumidor.,0,0.200000003,Negativo
"Muito insatisfeito mais uma vez com o atendimento do #Bradesco #AlôBradesco, desde sexta sem pagar contas esperando suas ligação #BancoPodre",0.5,0.5,Negativo
"Muito insatisfeito mais uma vez com o atendimento do #Bradesco #AloBradesco, desde sexta sem pagar contas esperando suas ligação #BancoPodre",0.5,0.5,Negativo
Site do #Bradesco fora do ar D:,-0.400000006,0.400000006,Negativo
A fila do supermercado hoje esta pior que a do #bradesco http://t.co/iEwBHL05Dg,-0.8999999762,0.8999999762,Negativo
Sacar ou depositar num caixa automático do #Bradesco é uma saga. Mesmo nas agências têm vezes q um só funciona. E tome fila,-0.1000000015,0.6000000238,Negativo
Equipe de desenvolvimento do @bradesco empresas. Também conhecida como a equipe mais incompetente de desenvolvedores.,-0.200000003,1.299999952,Negativo
"Ow @AloBradesco, tenho R$ 2.344 de saldo. Tento pagar 1 boleto de R$ 1.300 e ñ tem saldo?! http://t.co/VheffqQ2ko http://t.co/MXv37KM2Zu",-0.1000000015,1.399999976,Negativo
"Muito bom o atendimento aqui no #Bradesco .... #SóQueNão! 
A chamada está em 0140, e a minha ficha… http://t.co/AuXSqvS3fE",0.200000003,0.6000000238,Negativo
@AbsurdosBelem: Aiii agente vai no Unico #bradesco do @boulevardbelem e do #LiderDoca e da com a cara na porta @bradesco BancoEscroto,0.6000000238,0.6000000238,Negativo
"10 dias para receber um cartão novo do @AloBradesco ! Só que meu casamento eh segunda-feira ! Bradesco , me ajuda por favor!",0.1000000015,0.400000006,Negativo
"Pessoal, vocês viram o post do #BancodoBrasil Consórcio de Serviços falando da mãozinha que podemos ter para... http://t.co/robN1hL9RI",0.200000003,0.200000003,Neutro
#ZecaBaleiro cantou #ZéRamalho #Recife #Pernambuco #BancoDoBrasil http://t.co/xOr0693XjN,0,0,Neutro
@avpl100 @fidelmnz @A_candia @JHCarrera @llopez_cruz @mariohenaine @Roberto_Altieri @nomamar @bb jajaj eres grande Pako! Los twitts atinados,0.400000006,0.8000000119,Neutro
Vice-presidente do @BancodoBrasil anuncia convênios de financiamento c/ cooperativa e c/ produtores p a construção de armazéns @blogplanalto,-0.200000003,0.200000003,Neutro
Presentinhos de mais uma #Apimec  :p #Brasil #Voley #BancoDoBrasil #2013 http://t.co/rzoBHzKiGx,0.5,0.5,Neutro
"@dilmabr liga no @BancodoBrasil e manda parar de enrolar os funci responsáveis pela maior lucro da história. @blogbancariosdf 
@dfbancarios",-0.3000000119,0.8000000119,Neutro
"@BB        quem tem q ser presos sao políticos bandidos,q aproveita seu estatus para cometer crimes como a benção da justiça,acordar BR.!",0.1000000015,0.1000000015,Neutro
"#BancoDoBrasil apresenta: Green Move Festival. Daqui a pouco show de Zeca Baleiro, Nando Reis e Paralamas. Uhuuuuu... http://t.co/NQHeq6ovwq",0.200000003,0.6000000238,Neutro
#CaféComAPresidenta @ImprensaBNB @ImprensaCAIXA @BancodoBrasil @Banrisul e @Banestes_SA participam d #ProgramaCrescer http://t.co/FOD0gNFaYW,0,0,Neutro
$$$$$$$$$$$ (@ Banco do Brasil - @bb) http://t.co/BnYfypbFOW,0.200000003,0.200000003,Neutro
"#bancodobrasil boa tarde, não consigo acessar a conta pela net. O que está acontecendo?",-0.400000006,0.8000000119,Neutro
"O @BancodoBrasil poderá ter maior participação de capital estrangeiro, de acordo com decreto publico hoje. http://t.co/UOoaMg8yNj",0.3000000119,0.3000000119,Neutro
@bancodobrasil gosta de achocolatado? Posso ser TODDYNHO seu!,0.3000000119,0.6999999881,Neutro
"Após entregar #CampodeLibra, Dilma abre o #BancoDoBrasil para o capital internacional http://t.co/255vn4I9CP",0,0,Neutro
"@BancodoBrasil @MaisBB não consigo acessar os comprovantes de pgto da minha conta, pela internet. O serviço está fora do ar?",-0.3000000119,0.6999999881,Neutro
"Perdemos hoje da RÚSSIA por 1 gol. jogo muito disputado!
Amanhã tem mais!!!
Zeba: 4 gols
Valeuuuuuuu
#vamaislonge. #bancodobrasil #zeba03",0.200000003,1.399999976,Neutro
"@JorgeRibeiroSE @Leisparaquem @MPF_PGR  Eui quando percebi o golpe tirei minha conta do @BB, mas milhares não o farão pq não sabem q pode.",-0.1000000015,0.1000000015,Neutro
Olha para onde vai os centavos descontados da sua conta corrente que você nem questiona http://t.co/UlaP2PeYPL @BancodoBrasil #BancodoBrasil,0,0,Neutro
@LionelDaSilva7 @bb tu n'a mas assumer hierr haahaa !!,0.200000003,0.200000003,Neutro
"Pior ainda, que quando ela tenta algum contato, os responsáveis do @BancodoBrasil só dizem que são taxas (???????)",-0.3000000119,0.3000000119,Neutro
@BancodoBrasil cobre o recurso público da Visanet!&gt;&gt;Globo quer que BB cobre o que ela própria recebeu http://t.co/cTQIlp1nLY #globo #gnews,0,0.1000000015,Neutro
@BancodoBrasil cartao de cretido nao autorizada! As contas estao pagas em dia,-0.200000003,0.6999999881,Neutro
Se a moda pega... RT @joaocamargoneto: 65 minutos de espera em fila garantem indenização a cliente do #BancodoBrasil  http://t.co/XlXIxS0hmi,-0.400000006,0.8999999762,Neutro
"Photo: Confraternização do Banco do Brasil, no sábado passado. #bancodobrasil #zoombeatles (em Estância... http://t.co/qJHCWjpqSX",-0.1000000015,0.1000000015,Neutro
"Photo: Confraternização do Banco do Brasil, no sábado passado. (foto de fãs) #bancodobrasil #zoombeatles http://t.co/8gA9MdPgCu",-0.200000003,0.200000003,Neutro
FESTINHA do trabalho! :3 #bancodobrasil http://t.co/d1I8SO0MO8,0.6000000238,0.6000000238,Neutro
FESTINHA do trabalho. :3 #bancodobrasil http://t.co/cMVmzdxnv2,0.5,0.5,Neutro
"Alguém sabe como habilitar o “Saque Sem” do @BancoDoBrasil? O smartphone tá habilitado, mas diz que a conta não. #comofas",0,0.1000000015,Neutro
Confraternização de fim de ano #BancodoBrasil com #Titãs ???????? @ Chevrolet Hall http://t.co/TOmh5fiP4o,-0.1000000015,0.3000000119,Neutro
#Titãs confraternização  #bancodobrasil ???????? @ Chevrolet Hall http://t.co/nG2TzJWDQ5,0,0.1000000015,Neutro
#CaféComAPresidenta @ImprensaBNB @ImprensaCAIXA @BancodoBrasil @Banrisul e @Banestes_SA participam d #ProgramaCrescer http://t.co/FOD0gNFaYW,0,0,Neutro
Nunca pensei que isso aconteceria mas o @AloBradesco  nao respondeu uma pergunta minha o.O,-0.400000006,0.400000006,Neutro
Mas gente! @bluebusbr !! o @bradesco fez isso há muito tempo! IGUAL! http://t.co/twfPaT8RaQ,0.200000003,1.200000048,Neutro
"Olha ISSO:
1. @bradesco - 2011 http://t.co/twfPaT8RaQ
2. http://t.co/gtXLAmg2VN",0,0.200000003,Neutro
"@rosana @bradesco Tb  demos essa na epoca, Rosana. Daqui a 2 anos será outra marca. pode crer! :) E nos EUA tb ja teve 1 historia assim...",0.6000000238,1.299999952,Neutro
@bluebusbr @Bradesco daqui a 2 anos. Uma boa notícia saber que haverá um mundo daqui a 2 anos! :),0.200000003,0.8000000119,Neutro
Agora eu entendi porque meus amigos com @itau e @Bradesco estão sem fazer compras internacionais. http://t.co/Qq5os6rlSy,0.5,0.5,Neutro
"O banco q fechou minha conta sem me avisar, o @Bradesco, inova e constrói calçada anti-mendigo em Manaus. Depois coloca bebê no comercial...",-0.200000003,0.5,Neutro
"@AloBradesco preciso de vocês com uma questão, podem me contatar.",0.400000006,0.400000006,Neutro
@AloBradesco toma providência ai:  http://t.co/0aSnUviKny,0.1000000015,0.1000000015,Neutro
@BRADESCO #bradesco VOCES PODEM ME AJUDAR !!!! 13 981242006,0,0.1000000015,Neutro
"@AloBradesco DM, verificar por favor",-0.200000003,0.200000003,Neutro
Missão @longevidade OK 6k nas subidas do iPiranga 25:43 de zigue-zague. #corrida #bradesco… http://t.co/boEaUGiIuE,0.1000000015,0.1000000015,Neutro
To em duvida se abro minha conta na @caixa @santander_br ou @Bradesco,-0.8000000119,0.8000000119,Neutro
MC em evento #ForumLongevidade #Bradesco http://t.co/kFg5wBOjeC,0.1000000015,0.1000000015,Neutro
Depois de ouvir se minha máquina era MaCHIntoCHE e se eu tinha SafaRÍ achei mesmo que a coisa não funcionaria @AloBradesco,0.400000006,0.400000006,Neutro
"@AloBradesco hoje pela manhã entrei em contato com a central Bradescard. Para abrir uma solicitação de uma gravação, poderia ser aqui?",0,0.5,Neutro
Vocês financiam o playstation? @itau @Bradesco,0,0.1000000015,Neutro
Lucro do #Bradesco para 3º tri é o terceiro maior da história &gt; http://t.co/aNOEIOOwl5,0,0,Neutro
@alobradesco isso é seguro: CARTÃO DE CRÉDITO BRADESCO  http://t.co/se7gbfP1QA,0.3000000119,0.3000000119,Neutro
VerreschiFeelings #Inauguraçao #Santos #santander #bradesco #cool #happy #smile http://t.co/HalwEu4MIX,0.8000000119,0.8000000119,Neutro
"RT @TurmaDoBlaBlaBla: @danisouto, o que houve? @alobradesco.",0,0.1000000015,Neutro
@Bradesco olha isso que ta aparecendo banking. http://t.co/HcleUKF9uT,-0.1000000015,0.1000000015,Neutro
Na palestra de hj sobre inovação tecnológica para o #bradesco um artista registrou visualmente todo conteúdo! :) http://t.co/Kg4OPk3nnl,0.6999999881,0.6999999881,Neutro
"@AloBradesco vem cá, rsrsrs, tenho dúvidas...",0.3000000119,0.3000000119,Neutro
Junto é bom! ?#bike #ciclofaixa #bradesco http://t.co/A8XpkD6lms,0.200000003,0.5,Neutro
#ibirapuera #bike #ciclofaixa #bradesco http://t.co/bI8YB6rHZk,0.1000000015,0.1000000015,Neutro
Bom restinho de sábado gente linda! #ibirapuera #ciclofaixa #bike #bradesco http://t.co/H6HC8ZV9Uq,0.3000000119,0.6999999881,Neutro
@AloBradesco CHROME NO MAC não aparece lista de fabricantes pra cadastrar o token do celular http://t.co/cv44vNvN3F,-0.400000006,0.400000006,Neutro
10 caixas eletrônicos e só 1 fazendo depósito na agência de Miguel Couto #Bradesco,0,0,Neutro
queria trabalhar no #Bradesco ainda viu ;/,-0.6000000238,0.6000000238,Neutro
"O @bradesco cobrou R$ 11,90 por um saque no Banco 24 horas, q eu fui obrigado a utilizar pq os caixas do @bradesco estavam desativados.",-0.3000000119,0.3000000119,Neutro
@AloBradesco Me dá uma ligada. To querendo voltar a pagar minha cesta básica do Bradesco.,-0.5,1,Neutro
"Ei, @AloBradesco, bora resolver o caso da @kelviaborges. Demoro já! Pra ontem!",0,1,Neutro
@AloBradesco Consigo abrir conta com a minha carteira de trabalho ja que meu RG esta muito rasurado e preciso urgentemente da conta,0.6000000238,0.6000000238,Neutro
"alô galera do @Bradesco @AloBradesco, ajuda eu",0.5,0.5,Neutro
"@bradesco troquei de celular, preciso reconfigurar o APP para android",0.5,0.5,Neutro
"Ei @Alobradesco moro no rj e minha agência eh em sp ! Estou sem cartão , preciso de um novo e a moça disse que só indo na agência, me ajuda?",0.200000003,0.5,Neutro
"@AloBradesco mais uma ajuda hahahaha cancelei o cartão para ngm usar , mas não consigo sacar dinheiro nem pela biometria ! Onde libera?",-0.1000000015,0.8999999762,Neutro
"@AloBradesco mais uma ajuda hahahaha cancelei o cartão para ngm usar , mas não consigo sacar dinheiro nem pela biometria ! Onde libera?jk",0,1.100000024,Neutro
Festa da Empresa! #Bradesco @ Sítio Jacucaí http://t.co/QYj5Qj7w6v,0.400000006,0.8000000119,Neutro
Boatos de que o @Bradesco tem mensagens subliminares! Confere produção?,0,0.200000003,Neutro
#Bradesco com design japonês http://t.co/nHsmnUycco,0.200000003,0.200000003,Neutro
@Bradesco tem como tirar uma duvida?,-0.1000000015,0.1000000015,Neutro
"@AloBradesco bradescão, preciso de ajuda",0.6999999881,0.6999999881,Neutro
"como seu cliente peço que torça para o lanus hoje por favor RT @AloBradesco: @fabiaof1 Oiê! Pode falar! Se preferir, envie DM. ;)",0,1.200000048,Neutro
Árvore de natal ! #Bradesco #Rj #happy @ Lagoa Rodrigo de Freitas http://t.co/NoL330IFwD,0.3000000119,0.6999999881,Neutro
07h30: Esperando o @Bradesco resolver minha situação.,0.400000006,0.400000006,Neutro
espero q fila do #Bradesco hj não esteja grade pq só tenho 4h de almoço,0,0,Neutro
Cc @AloBradesco RT @FabiGomesRJ: @FEBRABAN @bruxinhabeth @GovRJ to 1 hora Bradesco. Minha senha eh 0251 e tá na 0231. http://t.co/5z59CpKwTT,0,0.200000003,Neutro
@LeiSecaRJ @AloBradesco @FabiGomesRJ @FEBRABAN @bruxinhabeth @GovRJ estava na mesma fila que vc. Bradesco do mercadao jpa? Peguei senha 140,0,0.200000003,Neutro
@Bradesco: Em 2014 queremos que todo mundo tenha o que quiser! O que vc mais quer para 2014? O fim do capitalismo.,0,0.5,Neutro
Um bom Rock and Roll! Capital Inicial #festa #Bradesco http://t.co/qiJ6uL7OEx,0.400000006,0.8000000119,Neutro
Quero q todo mundo tenha dois chocolates: um pra comer e outro pra quem ta pedindo. ^-^ ^-^ #Bradesco #QueroQueTodoMundoTenha,0.400000006,0.8999999762,Neutro
Ei pessoal lindo do @AloBradesco. Preciso atualizar meus telefones com vcs. #comofas,0.6000000238,1.299999952,Neutro
Hoje foi top @__jessicaxavier @jmdesaron @_HelddyN @OliverFausto #Carlos #Paloma #Lucas #Bradesco,0,0,Neutro
The Voice Ptu kkkkkkkk #confraternização #Bradesco #top ?????? http://t.co/tNtWEIRFd2,-0.1000000015,0.400000006,Neutro
"@naosalvo e eu que tenho conta lá, não ganho nem um cartão de boas festas do @AloBradesco :( consideração mil graus",-0.400000006,0.400000006,Neutro
@felipealmeida_s @AloBradesco te dou 3 uvas passas de presente,0,0,Neutro
"@trollador_jr @AloBradesco bem feito, quem mandou n ser ryco q nem eu e movimentar milhoes de reais por ano",-0.200000003,0.200000003,Neutro
@biavcastro @AloBradesco divido o vinho aqui,0.200000003,0.200000003,Neutro
@GuilhermeCPrado @AloBradesco hauhuahu deixa de dor de cotovelo ae guiherme!,0.400000006,0.400000006,Neutro
"@naosalvo @AloBradesco sou cliente do Bradesco e nunca ganhei nem 1 real de presente. Puxa-saquismo, a gente vê por aqui rs",-0.1000000015,0.8999999762,Neutro
@lipecasagrande @AloBradesco o dia q vc for ryco e movimentar a mesma grana q eu ai vc ganha cara ahuhuahuhauhuahuahu,0,0,Neutro
"@naosalvo @AloBradesco auhauahuau, tapa na cara dos pobres",-0.5,0.5,Neutro
"@lipecasagrande @AloBradesco to brincando huahua mas se quiser eu divido o vinho aqui =)
abs",0.400000006,0.8999999762,Neutro
@naosalvo @AloBradesco Bacana .. eles só me mandam boletos!!,0.6000000238,0.6000000238,Neutro
@Juninhoo3 @AloBradesco paga sua conta do twitter ae rapa! hauhuahu,0,0.1000000015,Neutro
"@naosalvo @AloBradesco olha q so chupim. Se for passar a virada do ano em Camboriú- SC, já te mando um torpedo pra ir lá rouba a garrafa kkk",0,0.1000000015,Neutro
"@lipecasagrande @AloBradesco estarei em Balneario! (mas n sei o bairro, n conheço nada)",0,0.3000000119,Neutro
"@naosalvo @azaghal @AloBradesco legal, mas pra vocês que são populares né, eu sou cliente há anos e só ganho tarifas e mais tarifas. huahue",-0.3000000119,0.3000000119,Neutro
@PauloDias @azaghal @AloBradesco começa a movimentar o tanto de dinheiro q gente milionaria como a gente movimenta q vc ganha huahuahuau =P,0.3000000119,0.3000000119,Neutro
Tambem queria ganhar a cesta de final de ano do @AloBradesco :(((,-0.400000006,0.400000006,Neutro
"@Bradesco
Preciso falar com o @Bradesco urgentemente!",0,0.1000000015,Neutro
.@CAIXA atinge R$ 100 bilhões no crédito imobiliário =&gt; http://t.co/z3hOhnAoMi,0,0.1000000015,Neutro
Alô @mariocaixa! Estou ligado! #Caixa http://t.co/8w2kpafWMx,0,0.200000003,Neutro
#Caixa atinge R$ 100 bilhões no  ano em crédito imobiliário.,0,0,Neutro
#FF @ImprensaCAIXA =&gt; Agenda #cultural pelo país e notícias da @CAIXA,0,0,Neutro
@Caixa ignorou risco de calote em programa Minha Casa Melhor http://t.co/KYss2UPbCi Da série o meu o seu o nosso...,0.200000003,0.200000003,Neutro
"I'm at @Caixa Econômica Federal (Vitória, ES) [pic]: http://t.co/uIGAqcEFiX",0,0,Neutro
#FF @ImprensaCAIXA =&gt; Agenda #cultural pelo país e notícias da @CAIXA,0,0,Neutro
To em duvida se abro minha conta na @caixa @santander_br ou @Bradesco,-0.8000000119,0.8000000119,Neutro
Caixa lança 5 novas linhas de #crédito para a produção rural. http://t.co/6JWRiunHCW @CAIXA @ImprensaCAIXA,0.1000000015,0.1000000015,Neutro
#CaféComAPresidenta @ImprensaBNB @ImprensaCAIXA @BancodoBrasil @Banrisul e @Banestes_SA participam d #ProgramaCrescer http://t.co/FOD0gNFaYW,0,0,Neutro
Circuito @CAIXA apresenta os futuros atletas brasileiros. http://t.co/7q6hrzUz7A @minesporte @ImprensaCAIXA,0.1000000015,0.1000000015,Neutro
Dilma sanciona lei que libera recursos para #MinhaCasaMelhor. http://t.co/O47GQeS9kF  @CAIXA @ImprensaCAIXA,0.200000003,0.5,Neutro
http://t.co/EWMZipCAnh um oferecimento @rede_globo e @CAIXA,0,0,Neutro
OSX confirma negociação com a @Caixa para renovação de empréstimo http://t.co/tE8E3QARz5 Da série o meu o seu o nosso...,0.1000000015,0.1000000015,Neutro
Livro “Prog Bolsa Família:década de inclusão e cidadania” foi desenvolvido pelo @MDSComunicacao e @ipeaonline: http://t.co/AnWIuTpudB #CAIXA,-0.200000003,0.200000003,Neutro
"I'm at @Caixa Econômica Federal (Vitória, ES) http://t.co/ENYHhirVkx",0,0,Neutro
#FF @ImprensaCAIXA =&gt; Agenda #cultural pelo país e notícias da @CAIXA,0,0,Neutro
Reinaldinho Gaúcho vai lançar uma na cabeça do maico hoje e ele vai meter a: #caixa,-0.400000006,0.400000006,Neutro
"Lucro da @Caixa cresce 19,3% até setembro. http://t.co/DIlvNaNPdL @ImprensaCAIXA",0.400000006,0.400000006,Neutro
#FF @ImprensaCAIXA =&gt; Agenda #cultural pelo país e notícias da @CAIXA,0,0,Neutro
"RT @vasco: dm RT @caixa: Com o Figueirense subindo, nós não patrocinaremos ninguém na B 2014. :~~",-0.3000000119,0.3000000119,Neutro
#BrasilSemMiséria já saiu! http://t.co/Y4vcn8HznC Graças a @CAIXA,0.200000003,0.400000006,Neutro
"Cont.@robertolinhares e Sup.Regional da @CAIXA RN Uma figura humana extraordiordinaria,e um dos melhores gestores do Gov.Federal no RN.",-0.1000000015,0.1000000015,Neutro
Apartamentos do MCMV na Baixada Fluminense são inundados http://t.co/wlsQ4wLbOG Tal como dantes; exceto que moradores devem à @caixa...,-0.5,0.5,Neutro
#FF @ImprensaCAIXA =&gt; Agenda #cultural pelo país e notícias da @CAIXA,0,0,Neutro
(A) Com @robertolinhares na Confraternização da @CAIXA http://t.co/vsSqJ84p57,0.1000000015,0.1000000015,Neutro
@CAIXA estou com problemas com o conectividade social,0.400000006,0.400000006,Neutro
"I'm at @Caixa Econômica Federal (Vitória, ES) http://t.co/TcGDmr64Q2",0,0,Neutro
"@claro @k1ssmeDemi @hugmesmith KKKKKKKKKKKKKKKKKKKKKKKKKKKKKKKKKKKKKKKKKKKKKKKKKKKKKKKKKKKKKKKKKK, AI MEU RIM",0,0,Neutro
@hugmesmith @claro @k1ssmeDemi que?,0,0,Neutro
Verificar meu resultado do http://t.co/JMimPpSXnd: #speedtest cc @ClaroBlog http://t.co/tNeLpTCuGY,0,0,Neutro
@AleGiraldoP @MovistarCo @Ministerio_TIC @claro si en corferias!!!,0,0,Neutro
"E eu lá , assistindo #claro  torcendo , zoando :) =)",0.6999999881,0.6999999881,Neutro
"@NerioM @patomunoz @claro vengase a la cisterna...habemos como 40
jajajajaja",0,0,Neutro
Hoje vou estar na transmissão de Inter x Flu! Tem como dar aquela moral?? #ligaí #claro #senãoforatrapalhar,0.1000000015,0.3000000119,Neutro
"Trabalho até no portão de embarque! Valeu, #Claro. :-D #MMTour @ San Francisco International Airport… http://t.co/wx8qdozJC9",0,0.3000000119,Neutro
Meu Trabalho é Claro... ???????????? #trabalho #work #mywork #mylife #clarobrasil #clarooficial #is #me… http://t.co/llYNGyyXgP,0.1000000015,0.6000000238,Neutro
Acho que vou virar @claro,0,0,Neutro
Novo capítulo Cauê vs. @ClaroBlog: a atendente me liga e diz que as gravações dos atendimentos que requisitei MISTERIOSAMENTE sumiram.,0.1000000015,0.200000003,Neutro
Uma imagem que resume a potência do meu 3G da @ClaroBlog @ClaroRonaldo http://t.co/S1Ff9BUbx8,-0.5,0.5,Neutro
@ClaroBlog  deem uma olhada no protocolo. Ainda não recebi retorno.,-0.1000000015,0.200000003,Neutro
@sergiofigli @MovistarArg pasate a @claro Sergio...,0,0,Neutro
@Nibunnoichi32 @MovistarArg @claro apestan todas,-0.8000000119,0.8000000119,Neutro
@danilloaraujo não! tem o @ClaroBlog !,0,0.1000000015,Neutro
@ClaroBrasil Cliente Claro acessa o Twitter de graça do seu celular #Claro,0.3000000119,0.3000000119,Neutro
@ClaroBlog AGUARDO CONTATO.,0,0,Neutro
@javilarusia @claro guapas!,0.6999999881,0.6999999881,Neutro
mas foi só eu falar com a @Anatel_Informa que a @ClaroBlog @ClaroBlog  devolveu meus sms. que coisa hein,0.1000000015,0.1000000015,Neutro
"Foco, força e Fé... Boa Tarde Mundo !!! ????????????????? #trabalho #metas #boatarde #clarobrasil #foco #força… http://t.co/l3s0e40Wfl",-0.1000000015,0.8000000119,Neutro
@ClaroBlog A gente pode se falar por #DM? rs,0,0.400000006,Neutro
Hora de Trabalhar! ?????????? #bomdia #trabalho #vamosquevamos #clarobrasil #mywork #foco #força #fe… http://t.co/5Aw3q4opUh,0,0.6000000238,Neutro
@ClaroBrasil OLA BOM DIA PRECISO DE UM CONTATO EM SAO PAULO E BELEM,0.5,0.5,Neutro
Visitando uzamigos da #clarobrasil http://t.co/wJT0fHi85e,0.1000000015,0.1000000015,Neutro
4G da Claro em São Paulo http://t.co/GGPgqBI6tZ #claro4g #sp #saopaulo #4gsaopaulo #celular #sinalcelular #clarosp #claro #clarobrasil,0.1000000015,0.1000000015,Neutro
"Maratona da FM O DIA! É #SIM, #CLARO OU #ComCerteza ??? :) Ansioso! É TUDO NOSSO! :)",0.3000000119,1,Neutro
"Se joga, se joga, joga Vem pra Claro Vem... ???????? #trabalho #mywork #clarobrasil #sejogavempraclarovem… http://t.co/Tr5a9x33Tq",0,0.1000000015,Neutro
"Amanhã ?
vou trabalhar lá em Copacabana , junto com a equipe da #ClaroBrasil.",0.200000003,0.6000000238,Neutro
"I'm at Loja Claro - @claroblog (Brasília, DF) http://t.co/1y6WtVUmgy",0.200000003,0.200000003,Neutro
Mostra o  Nadal esperando pra entrar com a mão enfiada dentro da bermuda #claro,-0.400000006,0.400000006,Neutro
#partiu #claro (@ Claro) http://t.co/tTXyY5zStE,0.200000003,0.200000003,Neutro
Photo: Bora trabalhar!! #ClaroBrasil #Instalife #AmoMuito #Work #Instajob http://t.co/EkKeXhQZ0J,0.200000003,0.400000006,Neutro
A #Claro não tá com sinal ou é só meu celular ?!,0.200000003,0.200000003,Neutro
A vida fica melhor c/ benefícios exclusivos. Peça um Cartão American Express® e aproveite! #benefíciosexclusivos http://t.co/jhTBwTmkOk,0.200000003,0.6999999881,Irrelevante
Dê RT nesta ideia #OutubroRosa http://t.co/xl3wwKCuEV,0,0,Irrelevante
EMPREGO: 30 Vagas de Emprego na área de Call Center em Cuiabá | #Emprego #Operador #BancodoBrasil #vagas #Cuiabá http://t.co/iFfUh5UVwE,0.200000003,0.400000006,Irrelevante
"Não perca o Campeonato BB de Empreendedorismo, que vai eleger o melhor projeto de esporte universitário: http://t.co/CNX98gHJ0o.",0,0,Irrelevante
O @BancodoBrasil não está operando em sua capacidade plena. Necessidades podem ser solucionadas também por aqui: http://t.co/d8SFga9Ywx.,0.1000000015,0.3000000119,Irrelevante
"Com a rede de Correspondentes Mais BB, você faz diversas transações em supermercados, drogarias e muitos outros: http://t.co/N0MpC5lOBb.",0.8000000119,0.8000000119,Irrelevante
"#Logística. Cuiabá solicitou R$215 milhões para construção de silos, diz #BancodoBrasil. http://t.co/yooG9nHnd6",0.1000000015,0.3000000119,Irrelevante
"Na hora de fazer uma fezinha, aproveite as Lotéricas pra fazer saques e consultar o saldo da sua conta corrente:...",-0.200000003,0.200000003,Irrelevante
E aí? Descobriu o que é um DOC? Saiba a resposta: http://t.co/us9n7xpxmY :),0,0.5,Irrelevante
"Bora ser seu próprio chefe, trabalhar com esportes e ganhar 20 mil reais? A #InterU e o @BancoDoBrasil explicam como: http://t.co/ZgbqthSluF",0,0.1000000015,Irrelevante
BB Consórcio: um jeito inteligente de comprar sua bicicleta elétrica e ajudar a preservar o Planeta: http://t.co/3UimiRMY83.,0.6999999881,0.6999999881,Irrelevante
Saiba como evitar notas falsas: http://t.co/8d51awZeGL. O que valia muito pode acabar não valendo nada. #FicaDica,-0.3000000119,1.100000024,Irrelevante
Com o BB Crediário vc tem liberdade pra viajar pra onde quiser. Só não se esqueça de deixar um bilhete em casa: http://t.co/u5ZkDvIUAy.,0.200000003,0.6999999881,Irrelevante
"Ficou mais caro do que você esperava? Nem tudo está perdido, o BB pode te ajudar: http://t.co/u5ZkDvIUAy ;) http://t.co/rcQqdo4CBq",-0.1000000015,0.3000000119,Irrelevante
"Vc sabe o que significa TED? http://t.co/946eqNwuyP Com ele, vc transfere valores acima de mil reais. Daqui a pouco a gente dá a resposta.",0,0.200000003,Irrelevante
"Amando ou não, quem tá no Sul, Sudeste e Centro-Oeste precisa adiantar 1h os relógios este domingo. #HoráriodeVerão http://t.co/0EfessCLxm",-0.1000000015,0.400000006,Irrelevante
#torcidabrasil #bancodobrasil http://t.co/qTpnRxI0Xy,0,0,Irrelevante
Você sabe como usar os serviços BB por SMS? Saiba como se cadastrar: http://t.co/ruDQktVhJc. http://t.co/noK8tqIGOb,0,0.1000000015,Irrelevante
"Em vez de pagar caro em restaurantes, leve uma marmita de casa. Assim você economiza e fica #ForadoAperto. http://t.co/ydgZ4zXcYY",-0.1000000015,0.6000000238,Irrelevante
"Se liga na dica! A senha do seu cartão deve andar dentro da sua cabeça, não da sua carteira. http://t.co/ep7np164rT",-0.200000003,0.400000006,Irrelevante
O #BancodoBrasil poderá ter maior participação de capital estrangeiro. Um decreto presidencial publicado hoje no... http://t.co/kfSg5ZCLDo,-0.1000000015,0.6999999881,Irrelevante
E aí? Adivinhou pra que serve a Bolsa de Valores? http://t.co/Xdc2UXxZzn,0,0.400000006,Irrelevante
Evite realizar check-in na agência para não atrair quem você não quer encontrar na saída do Banco. #NãoDêBobeira http://t.co/4vJrSO1wmO,-0.1000000015,0.400000006,Irrelevante
Hj tem circuito #BancoDoBrasil Bs smith @pedrobarrossk8 #skateboarding #skate #brasil… http://t.co/wmuiMyzqrp,-0.5,0.5,Irrelevante
#FHC do @Rede45 privatizaria a @petrobras o @BancodoBrasil e a @CAIXA | http://t.co/sFPVCZ7ELB via @brasil247 @JNTVGloboBrasil MENTE P/VC,0,0.200000003,Irrelevante
#FHC do @Rede45 privatizaria a @petrobras o @BancodoBrasil e a @CAIXA | http://t.co/sFPVCZ7ELB via @brasil247 @JNTVGloboBrasil MENTE P/VC,0,0.200000003,Irrelevante
"Agora é a vez deles. Se você também apoia o #NovembroAzul, dê RT nessa ideia! ;) http://t.co/eaMaHYVBWF",0.1000000015,0.8000000119,Irrelevante
Quer transferir dinheiro para alguém que não tem conta em banco? Agora você pode! Conheça o BB Conta de Pagamento: http://t.co/emUhHgIP7z.,0,1,Irrelevante
Banco do Brasil lança produto que permite transferência bancária para beneficiário sem conta  #BancoDoBrasil http://t.co/AADfoFOIoQ,-0.1000000015,0.1000000015,Irrelevante
Banco do Brasil recorre ao NFC para dispensar senha em compras de até R$ 50. http://t.co/Yj6ALCmgsG #BancodoBrasil... http://t.co/gaL7pBJrya,0.3000000119,0.3000000119,Irrelevante
Aprenda a autorizar o Internet Banking pelo celular em 3 passos e tenha todos os benefícios do BB na palma da mão: http://t.co/yAfa7JaZcr.,0,0,Irrelevante
#BancoDoBrasil Banco do Brasil lança produto que permite transferência bancária para beneficiário sem conta http://t.co/FXsmqTn7gc,-0.200000003,0.200000003,Irrelevante
"RT @BlogDoTato: Fundação @BancodoBrasil [do pt] desviou R$ 36 milhões a ONGs ligadas ao PTzão, diz jornal  http://t.co/K69wxOFPgb",0,0,Irrelevante
@BancodoBrasil ahnn o que aconteceu com o twitter @MaisBB? Não consigo responder nem achar,-0.400000006,0.8999999762,Irrelevante
Até o dia 30/11 cliente BB emite passagens pela Azul usando a partir de 3 mil pontos por trecho: http://t.co/bWDiFmkiZZ.,0,0,Irrelevante
??????  #show #rhcp #redhotchilipeppers #rio #brasil #bancodobrasil http://t.co/Bsw16JPGdH,0.1000000015,0.5,Irrelevante
#bancodobrasil #Petropolis #RiodeJaneiro #ruadoimperador http://t.co/QVBoqMDMMv,0,0,Irrelevante
Banco do Brasil: Lucro recorde http://t.co/UbGiiSIyqA #BB #BancoDoBrasil #Lucro,0.3000000119,0.3000000119,Irrelevante
#DarBobeiraÉ achar que o BB envia e-mail pedindo a atualização dos seus dados cadastrais ou com resultado de sorteio: http://t.co/mufifteIdW,0,0,Irrelevante
#Balanço mostra q financiamento de imóvel popular pelo #BancodoBrasil cresceu 15% no terceiro trimestre de 2013: http://t.co/mdpAk5IeiR,-0.200000003,0.200000003,Irrelevante
"O Banco do Brasil apresenta a Revista Estilo. Cultura, viagem, gastronomia, moda, design, tendências e muito mais: http://t.co/PAcwvt6Sq5.",0.8000000119,1.600000024,Irrelevante
Colabore com o ciclo da água! O @BancoDoBrasil está fazendo sua parte com o projeto Água Brasil. Conheça: http://t.co/J1zu9TZ5GQ.,0.200000003,0.6999999881,Irrelevante
@veja para onde foi parte dos R$ 73 milhões que Pizzolato do @bancodobrasil liberou para a DNA Propaganda: http://t.co/kajeSd40EZ #ap470 !!!,-0.6999999881,0.6999999881,Irrelevante
Hoje é o Dia Nacional da Consciência Negra e essa é uma homenagem do Banco do Brasil: http://t.co/1698ZSm8Io :),0.6000000238,0.6000000238,Irrelevante
deus nos abençoe amém!!! #sonhar @bb,0,0.1000000015,Irrelevante
13 dias até a quinta etapa da #CopaBrasilDeSkateVertical #bancodobrasil #brasilia http://t.co/G2bMy9I3RZ,0.8000000119,0.8000000119,Irrelevante
BB ultrapassa R$ 500 milhões em programa de agronegócio. http://t.co/pUSdsvJ9ID @BancodoBrasil,0.3000000119,0.3000000119,Irrelevante
"#BancodoBrasil avalia ação para recuperar dinheiro desviado no mensalão. O banco pediu para o presidente do #STF,... http://t.co/9qw6ES5FRQ",0,0.1000000015,Irrelevante
"Itaú, Bradesco e Banco do Brasil são as marcas mais valiosas do país. (http://t.co/Au1AmgxLfR)  #interbrand #itaú #bradesco #bb",0.3000000119,0.3000000119,Irrelevante
Novo modelo de negócio é estudado para o Banco Postal. http://t.co/MCsMmNK17d @BancoDoBrasil,0,0,Irrelevante
"O #BancodoBrasil não poderá entrar com ação para reaver 73 milhões,pois a grana não era dele,era do FundoVisanet vários sócios privados.",-0.400000006,0.400000006,Irrelevante
"Para mais praticidade e segurança, você já sabe qual é a palavrinha mágica: BB Code. http://t.co/3qp46CvfeF http://t.co/m3EsXvxP7c",0.400000006,0.400000006,Irrelevante
"Saiu no Diário Oficial de ontem a contratação da #Cesgranrio, pelo #BancodoBrasil para organizar novo concurso. Veja: http://t.co/oXcVqjizV8",0,0.1000000015,Irrelevante
#sandradesa #bbcovers #vivorio #riodejaneiro #BancodoBrasil http://t.co/eEIEdYwgZ7,0,0,Irrelevante
Aproveite as nossas dicas pra encher o carrinho de desconto e não de dor de cabeça. #BlackFriday http://t.co/8cjduOkhJD,0,0.1000000015,Irrelevante
Aproveite! O prazo de inscrições para o edital de cessão de espaços do CCBB foi pro dia 2/12: http://t.co/xilEHgyk7g. http://t.co/J1feIqVU9n,0,0.1000000015,Irrelevante
@santoevandro abrilhantando nosso evento!!!! #festafinaldeanobb #noitedoboteco  #BancodoBrasil http://t.co/6tXE7BExdW,0.1000000015,0.200000003,Irrelevante
#DarBobeiraÉ achar que o caixa eletrônico imprime comprovantes sem a sua solicitação. Não caia em golpes! ;),-0.1000000015,1.200000048,Irrelevante
Hoje é o Dia Nacional da Pessoa com Deficiência. Conheça as oportunidades que o BB oferece: http://t.co/NkByEwbKEY. http://t.co/AwRTeX8fUm,0,0.200000003,Irrelevante
"Para aprimorar nosso atendimento, migramos do MaisBB para este perfil. Caso queira falar com a gente, estamos à disposição! :)",0.400000006,0.8000000119,Irrelevante
"Na Revista Estilo BB, você também encontra tendências e as maiores novidades em moda e design. Acesse: http://t.co/PAcwvt6Sq5.",0.3000000119,0.6000000238,Irrelevante
"@ajaguaribe olá, bom dia! Nos siga pelo @BancodoBrasil e via DM informe a agência e conta ou cpf para verificarmos.",0.3000000119,0.6999999881,Irrelevante
BB reduz juros de Crédito Acessibilidade. http://t.co/wSR41jFv2S @BancodoBrasil,0.200000003,0.200000003,Irrelevante
"Obrigada, @BancodoBrasil #DiaDoFonoaudiólogo http://t.co/MGXlHy0ks4",0,0,Irrelevante
"Patrimônio da Humanidade, cidade de Diamantina é homenageada com moeda. http://t.co/8RrglFNxj4 @BancoDoBrasil",0.1000000015,0.1000000015,Irrelevante
"Identificamos problemas nos aplicativos de smartphones. Mesmo sem riscos nas transações, suspendemos o acesso. Lamentamos o ocorrido.",0.1000000015,0.3000000119,Irrelevante
"@Sangue_Latino Olá, bom dia! Ainda não compreendemos sua interação, poderia, por gentileza, nos fornecer mais detalhes?",0.1000000015,0.400000006,Irrelevante
"@Sangue_Latino Olá, boa tarde! Não compreendemos qual a relação do BB com o problema informado.",0,0,Irrelevante
"#JáEraPraSaber Sempre que for viajar, desconecte os aparelhos de casa da tomada e evite gastar energia a toa. ;) http://t.co/wGiTpGu4hC",0.8000000119,0.8000000119,Irrelevante
"Estudando para o #BancoDoBrasil?

Edital de abertura completo: http://t.co/dmHrMSrYns
Traduzindo o edital:... http://t.co/00Z15QfF1z",0.1000000015,0.5,Irrelevante
"Estudando para o #BancoDoBrasil?

Edital de abertura completo: http://t.co/iiG5bDidUZ
Traduzindo o edital:... http://t.co/hbUCuJp5Hc",0.1000000015,0.5,Irrelevante
"Estudando para o #BancoDoBrasil?

Edital de abertura completo: http://t.co/QvRZFJoAGy
Traduzindo o edital:... http://t.co/fB9pxJ6sGa",0.1000000015,0.5,Irrelevante
"Estudando para o #BancoDoBrasil?

Edital de abertura completo: http://t.co/iiG5bDidUZ
Traduzindo o edital:... http://t.co/YrWsI17M3z",0.1000000015,0.5,Irrelevante
Banco do Brasil promove #ConcursoPúblico em oito estados e no DF. Inscrições vão até 7 de janeiro! http://t.co/UQWV4H79At @BancodoBrasil,0.1000000015,0.8000000119,Irrelevante
O Banco do Brasil pede desculpas pela indisponibilidade temporária dos serviços. Os sistemas estarão disponíveis gradativamente.,0.1000000015,0.200000003,Irrelevante
"Estudando para o #BancoDoBrasil?

Edital de abertura completo: http://t.co/iiG5bDidUZ
Traduzindo o edital:... http://t.co/d1CdfWn2WR",0.1000000015,0.5,Irrelevante
"#BancoDoBrasil publica #retificação que trata dos locais de realização das provas.
Confira: http://t.co/0CjlhFIcX3",0,0.1000000015,Irrelevante
#BancodoBrasil retifica #edital de #concurso com 8.710 vagas: http://t.co/tGXbogQ0Pu,0.200000003,0.200000003,Irrelevante
Mais uma agência do #BancoDoBrasil foi arrombada no RN. Dessa vez foi em Carnaúba dos Dantas.,0,0.3000000119,Irrelevante
"Estudando para o #BancoDoBrasil?

Edital de abertura completo: http://t.co/QvRZFJoAGy
Traduzindo o edital:... http://t.co/4EGudzw9Ss",0.1000000015,0.5,Irrelevante
Crédito consignado completa 10 anos e atinge R$ 62 bi de carteira no BB. http://t.co/aRnGLo4uZT @BancodoBrasil,0,0,Irrelevante
"Estudando para o #BancoDoBrasil? São 8.630 vagas p/ todo o Brasil.

Edital de abertura completo:... http://t.co/itQG06zZZ6",0.1000000015,0.6000000238,Irrelevante
"Ahhh o verão... Tem quem ame, tem quem odeie, mas não tem jeito: hoje começa a estação mais quente do ano! ?",0,0.1000000015,Irrelevante
"Estudando para o #BancoDoBrasil?

São 8.630 vagas para todo o Brasil!

Edital de abertura completo:... http://t.co/uqmRRVUucv",0.1000000015,0.6999999881,Irrelevante
"Estudando para o #BancoDoBrasil?

São 8.630 vagas para todo o Brasil!

Edital de abertura completo:... http://t.co/tU6KvL7nn4",0.1000000015,0.6999999881,Irrelevante
"Estudando para o #BancoDoBrasil?

São 8.630 vagas para todo o Brasil!

Edital de abertura completo:... http://t.co/Jxu5YBSBks",0.1000000015,0.6999999881,Irrelevante
#concurso #bancodobrasil me aguarde...,0,0,Irrelevante
#RaçaBrasil! As meninas do #handebol estão na frente por 19 a 17. @euvoumaislonge @BancodoBrasil @CBHb1 http://t.co/GQawvhZx6g,0,0.1000000015,Irrelevante
"Brasil CAMPEÃO mundial de #handebol! Parabéns, meninas \o/ da @CBHb1. #RaçaBrasil @euvoumaislonge @BancodoBrasil http://t.co/D6sF7TqDEU",0.200000003,0.6000000238,Irrelevante
A vitória das meninas do #handebol tbm é de todos que acreditaram no esporte! @euvoumaislonge @BancodoBrasil @CBHb1. http://t.co/byfoVFNZPq,0,0.1000000015,Irrelevante
"Governo Federal apóia o Handebol Feminino do Brasil via #BancodoBrasil e #Correios. Valeu, @dilmabr",0,0.1000000015,Irrelevante
"Rt @Marcos_2014 Governo Federal apóia o Handebol Feminino do Brasil via #BancodoBrasil e #Correios. Valeu, @dilmabr Vc Brilha....",0.1000000015,0.200000003,Irrelevante
Fiz minha inscrição para o #concurso do #bancodobrasil,0.1000000015,0.1000000015,Irrelevante
"Estudando para o #BancoDoBrasil?

São 8.630 vagas para todo o Brasil!

Edital de abertura completo:... http://t.co/T54WfLgXWg",0.1000000015,0.6999999881,Irrelevante
"Os perfis do BB nas redes sociais possuem o selo de verificação. Se vc receber mensagem sem o selo azul, fique esperto. #NãoDêBobeira",0.1000000015,0.5,Irrelevante
O @BancodoBrasil fará uma doação à entidade que vencer a votação. Curitiba concorre com o Hospital Pequeno Príncipe. http://t.co/lvgbpNHfTV,0.1000000015,0.3000000119,Irrelevante
"Estudando para o #BancodoBrasil?

Confira uma apostila grátis de exercícios que o Gran Cursos preparou... http://t.co/TAi0xEgJL4",0.3000000119,0.8000000119,Irrelevante
"Estudando para o #BancodoBrasil?

Confira uma apostila grátis de exercícios que o Gran Cursos preparou... http://t.co/Us6YYxjknI",0.3000000119,0.8000000119,Irrelevante
"Estudando para o #BancoDoBrasil?

São 8.630 vagas para todo o Brasil!

Edital de abertura completo:... http://t.co/2MkdpPUVOE",0.1000000015,0.6999999881,Irrelevante
"Gostei de um vídeo @YouTube de @50cent http://t.co/l73EwSB06s Lloyd Banks @BB King, NYC - 5/26/10 + Tony Yayo Pass The Patron |",0.1000000015,0.1000000015,Irrelevante
"Estudando para o #BancoDoBrasil?

São 8.630 vagas para todo o Brasil!

Edital de abertura completo:... http://t.co/zCLobqs4MP",0.1000000015,0.6999999881,Irrelevante
 #BancoDoBrasil toma propriedade de agricultor por dívida de R$ 1.300 Reais http://t.co/F8V94UfLsA . Quem manda nesse país?,-0.1000000015,0.400000006,Irrelevante
"Troque as impressões da maquininha do cartão pelos extratos online ou na tela do TAA. Assim, você economiza papel e ajuda o meio ambiente!",0.200000003,0.400000006,Irrelevante
Por que não trocar o smartphone por uma brincadeira com seus filhos? Aproveite as férias de fim de ano para passar mais tempo com eles. ;),0.200000003,0.8000000119,Irrelevante
"Estudando para o #BancoDoBrasil?

São 8.630 vagas!

Edital de abertura completo: http://t.co/iiG5bDidUZ
Traduzindo... http://t.co/FG9fOFS4iA",0.1000000015,0.6000000238,Irrelevante
"Estudando para o #BancoDoBrasil?

São 8.630 vagas para todo o Brasil!

Edital de abertura completo:... http://t.co/kHpWN3IKHY",0.1000000015,0.6999999881,Irrelevante
"Estudando para o #BancoDoBrasil?

São 8.630 vagas!

Edital de abertura completo: http://t.co/iiG5bDidUZ
Traduzindo... http://t.co/7N1FvZQpag",0.1000000015,0.6000000238,Irrelevante
Saiu de casa e esqueceu o cartão? Tem problema não! C/ a Biometria vc pode sacar usando a palma da mão! \o/,0,1.200000048,Irrelevante
O @Bradesco põe pedras pontiagudas em calçada para afastar mendigos de agência em Manaus http://t.co/erGe7qyTFP,0.1000000015,0.1000000015,Irrelevante
"Vc também pode movimentar sua conta pelo celular, Internet Banking, tablet e máquinas de autoatendimento.",0.3000000119,0.3000000119,Irrelevante
"C/ o app do Bradesco no seu celular, vc paga suas contas c/ o leitor de código de barras de um jeito fácil e rápido. É só mirar e click! ;)",0.400000006,1.200000048,Irrelevante
Sempre confira o valor da compra antes de digitar sua senha. #segurança,-0.1000000015,0.1000000015,Irrelevante
Peça seu Cartão de Crédito Bradesco Visa com a 1ª Anuidade gratuita + 2 adicionais gratuitos. Leva menos de 3 minutos http://t.co/NlM081YE2R,0.3000000119,1,Irrelevante
Cartão de Crédito Bradesco Visa c/ benefícios exclusivos + isenção da 1ª anuidade e ainda 2 adicionais gratuitos! http://t.co/NlM081YE2R,0.400000006,0.8000000119,Irrelevante
Peça seu Cartão de Crédito American Express® Membership Card e tenha benefícios exclusivos. Leva menos de 3 minutos! http://t.co/tDTN7BbCns,0,0.3000000119,Irrelevante
Cartão de Crédito American Express® c/ benefícios exclusivos + isenção da 1ª anuidade e 2 adicionais gratuitos! http://t.co/tDTN7BbCns,0.3000000119,0.6999999881,Irrelevante
Peça seu Cartão de Crédito Bradesco Visa com a 1ª Anuidade gratuita + 2 adicionais gratuitos. Leva menos de 3 minutos http://t.co/9tjeYU18xe,0.3000000119,1,Irrelevante
Cartão de Crédito Bradesco Visa c/ benefícios exclusivos + isenção da 1ª anuidade e ainda 2 adicionais gratuitos! http://t.co/9tjeYU18xe,0.400000006,0.8000000119,Irrelevante
Peça seu Cartão de Crédito American Express® Membership Card e tenha benefícios exclusivos. Leva menos de 3 minutos! http://t.co/bMbKjF7NjA,0,0.3000000119,Irrelevante
Peça seu Cartão de Crédito American Express® Membership Card e tenha benefícios exclusivos. Leva menos de 3 minutos! http://t.co/F8nbLTU4BV,0,0.3000000119,Irrelevante
Trabalhar pode? #beats #bradesco #social http://t.co/FqlF7Gv3Vw,0.1000000015,0.5,Irrelevante
Cartão de Crédito Bradesco Visa c/ benefícios exclusivos + isenção da 1ª anuidade e ainda 2 adicionais gratuitos! http://t.co/cfi2HMerj2,0.400000006,0.8000000119,Irrelevante
Cartão de Crédito American Express® c/ benefícios exclusivos + isenção da 1ª anuidade e 2 adicionais gratuitos! http://t.co/NrWCJ47UAP,0.3000000119,0.6999999881,Irrelevante
Cartão de Crédito Bradesco Visa c/ benefícios exclusivos + isenção da 1ª anuidade e ainda 2 adicionais gratuitos! http://t.co/0gLtVQ5MOn,0.400000006,0.8000000119,Irrelevante
Mega parceria! #Bradesco e #Claro se unem e miram público sem conta. http://t.co/T1x9fwnUu5,0.1000000015,0.3000000119,Irrelevante
Ei @Bradesco ai tem uma vaga pro Luis Fabiano?,0,0,Irrelevante
Essa cor Vermelha do #Santander e do #Bradesco me incomodam profundamente !!!,-0.400000006,0.400000006,Irrelevante
@santander_br Essa cor Vermelha do #Santander e do #Bradesco me incomodam profundamente !!!,-0.400000006,0.400000006,Irrelevante
@Bradesco Essa cor Vermelha do #Santander e do #Bradesco me incomodam profundamente !!!.,-0.400000006,0.400000006,Irrelevante
@Bradesco EU POSSO MENCIONAR O #SEUTWITTERAOVIVONOMEUPROGRAMA AQUI NA &gt;&gt; http://t.co/YDL7vusk3g,0,0,Irrelevante
Nunca pedimos atualização da chave de segurança por e-mail. Avise os amigos! #segurança,0,1,Irrelevante
Presente do Super após minha excelente eficiência! Kkk #link237 #bradesco #work http://t.co/EGHzLQWmy3,0.6999999881,1.5,Irrelevante
Ok @AloBradesco: @ClistenesCarlos Vamos notificar a área responsável. Por favor nos envie seu telefone com DDD por DM.,0,0.1000000015,Irrelevante
"Amanhã, 15/11, é feriado nacional e não terá expediente nas agências. ;)",0,0.6000000238,Irrelevante
A vida fica melhor c/ benefícios exclusivos. Peça um Cartão American Express® e aproveite! #benefíciosexclusivos http://t.co/pF1uf1g7i1,0.200000003,0.6999999881,Irrelevante
A vida fica melhor c/ benefícios exclusivos. Peça um Cartão American Express® e aproveite! #benefíciosexclusivos http://t.co/cgbUjoz0tc,0.200000003,0.6999999881,Irrelevante
A vida fica melhor c/ benefícios exclusivos. Peça um Cartão American Express® e aproveite! #benefíciosexclusivos http://t.co/T2mTe7JtTk,0.200000003,0.6999999881,Irrelevante
A vida fica melhor c/ benefícios exclusivos. Peça um Cartão American Express® e aproveite! #benefíciosexclusivos http://t.co/q6KfV6t6ts,0.200000003,0.6999999881,Irrelevante
Agência do #Bradesco é assaltada em Feira de Santana http://t.co/ZbXExJ1TXC,0.1000000015,0.1000000015,Irrelevante
#CarnavalGlobeleza2014 é um oferecimento #TIM #Bradesco,0.1000000015,0.1000000015,Irrelevante
Pensamos no futuro hj p/ estarmos prontos p/ o amanhã. Lançamos o 1° app p/ Google Glass. Olha só como funciona: http://t.co/yzjWICzQtw,0,0.400000006,Irrelevante
Bradesco lança aplicativo para Google Glass #Bradesco #GoogleGlass  http://t.co/AIaSnYsBUs,0,0,Irrelevante
@AloBradesco DM,0,0,Irrelevante
Bradesco cria app para o Google Glass. (http://t.co/E13XJRHAxS) #bradesco #google #googleglass,0,0,Irrelevante
#Bradesco sai na frente e lança app para #GoogleGlass http://t.co/Zx8QFhJZ4s,0.200000003,0.200000003,Irrelevante
RIO DE JANEIRO | Veja a montagem da Árvore de Natal da #Bradesco Seguros  http://t.co/HlOVdp55cE,0.1000000015,0.200000003,Irrelevante
"Itaú, Bradesco e Banco do Brasil são as marcas mais valiosas do país. (http://t.co/Au1AmgxLfR)  #interbrand #itaú #bradesco #bb",0.3000000119,0.3000000119,Irrelevante
#Bradesco se adianta e será 1º banco com #app para o #GoogleGlass ? http://t.co/fBL6n0cCF6 http://t.co/s6f4SVVPzd,0,0.3000000119,Irrelevante
A vida fica melhor c/ benefícios exclusivos. Peça um Cartão American Express® e aproveite! http://t.co/w5Ev50Tob6,0.200000003,0.6999999881,Irrelevante
Não deixe de conferir o valor da compra antes de digitar a sua senha. #segurança ;),0,0,Irrelevante
Árvore de Natal da #Bradesco Seguros inaugura hoje.   http://t.co/86YFWogQdu,0.1000000015,0.1000000015,Irrelevante
Árvore de Natal da #Bradesco Seguros inaugura hoje. http://t.co/vSkU3I08dZ,0.1000000015,0.1000000015,Irrelevante
#BoaTarde #Sol #Domingo #Almoço #DiasDavila #Bradesco http://t.co/Wjq8zsbG4a,0.200000003,0.200000003,Irrelevante
@fabiaof1 \o/ #vaiLanús!,0,0,Irrelevante
Saiu de casa e esqueceu o cartão? Sem problemas! C/ a Biometria vc pode sacar usando a palma da mão! :D,0.5,1.799999952,Irrelevante
@isabakir Bom dia! O que aconteceu?,0.200000003,0.5,Irrelevante
#Bradesco Seguros inaugura o Ciclo Sampa. http://t.co/BFupxbG6yp,0.1000000015,0.1000000015,Irrelevante
Bradesco Seguros estimula vida saudável com serviço de aluguel de bikes em São Paulo. (http://t.co/P2C4x6h8y2)  #bradesco #bicicletas...,0.6999999881,0.6999999881,Irrelevante
#Bradesco Seguros inaugura o Ciclo Sampa. http://t.co/IvvQPJbW02,0.1000000015,0.1000000015,Irrelevante
@aloPSeca @LeiSecaRJ @AloBradesco @FabiGomesRJ @FEBRABAN @GovRJ Meu comprovante esta guardado....O @SacSantander_br FAZ PROPAGANDA ENGANOSA,-0.1000000015,0.400000006,Irrelevante
#Bradesco Seguros inaugura o Ciclo Sampa. http://t.co/NyBqh7ElML,0.1000000015,0.1000000015,Irrelevante
Em 2014 queremos que todo mundo tenha o que quiser! O que vc mais quer para 2014? #QueroQueTodoMundoTenha http://t.co/zUZU0294mQ,0,0.400000006,Irrelevante
#Bradesco Seguros inaugura o Ciclo Sampa. http://t.co/DNglnYSftL,0.1000000015,0.1000000015,Irrelevante
#QueroQueTodoMundoTenha dentes que não sujam http://t.co/4K3HG6kIc9 https://t.co/5wlkdxAyW8,-0.1000000015,0.1000000015,Irrelevante
O novo Guia de Aparelhos da #TIM mostra de um jeito simples e fácil todas as funcionalidades do seu celular. Acesse: http://t.co/A6mRlJc7JT,0.400000006,0.8999999762,Irrelevante
Herdeira do @Bradesco sofre nova derrota em processo bilionário contra o banco http://t.co/gU0exhcIAd,0,0,Irrelevante